,Unnamed: 0,id,created_at,text,source,tweet_type,source_tweet_id,retweeted_tweet_id,quoted_tweet_id,quote_count,retweet_count,favorite_count,hashtags,most_unrolled_urls,tweet_links,user_screen_name,user_id,user_mentions,user_followers_count,user_following_count,user_listed_count,user_created_at,user_favourites_count,user_verified,user_statuses_count,expanded_links,url_title,url_description,url_domain,clean_text
0,3,244907512124538880,2012-09-09 21:17:55,Obama maintains post-convention lead over Romney - http://t.co/XLdRbGPx via http://t.co/sjkJdXlc,"<a href=""http://twitter.com/tweetbutton"" rel=""nofollow"">Tweet Button</a>",tweet,244907512124538880,,,0,0,0,,http://goo.gl/news/1uV3|http://news.google.com,http://goo.gl/news/1uV3|http://news.google.com,100Royd,568596412,,10,77,0,Tue May 01 22:36:11 +0000 2012,0,False,443,https://news.google.com/topstories?hl=en-US&gl=US&ceid=US:en,google news,comprehensive up-to-date news coverage aggregated from sources all over the world by google news,news.google.com,obama maintains post convention lead romney via google news comprehensive update news coverage aggregated sources world google news
1,10,244907517363253248,2012-09-09 21:17:56,The Van Duzer Foundation is well-represented by Scott Van Duzer - Obama Gets a Lift on the Trail http://t.co/bhMlK4NC,"<a href=""http://twitter.com/tweetbutton"" rel=""nofollow"">Tweet Button</a>",tweet,244907517363253248,,,0,0,0,,http://nyti.ms/QxoFHD,http://nyti.ms/QxoFHD,wld1,33110127,,126,175,4,Sun Apr 19 03:08:24 +0000 2009,0,False,773,https://thecaucus.blogs.nytimes.com/2012/09/09/obama-gets-a-lift-on-the-trail/?smid=tw-share,obama gets a lift on the trail - the new york times,an republican obama supporter throws his muscle around with the president,thecaucus.blogs.nytimes.com,van user foundation well represented scott van user obama gets lift trail obama gets lift trail new york times republican obama supporter throws muscle around president
2,18,244907527693815808,2012-09-09 21:17:59,RT @sugarscape: Demi Lovato spat on Simon Cowell during X Factor USA audition. LOVELY. http://t.co/rX7LgDbk,"<a href=""http://twitter.com/download/iphone"" rel=""nofollow"">Twitter for iPhone</a>",retweet,244907173216407553,2.4490717321640755e+17,,0,8,0,,http://on.sugarsca.pe/TEkoDJ|http://on.sugarsca.pe/TEkoDJ,http://on.sugarsca.pe/TEkoDJ,morganfinniee,146159849,16510838,748,2001,3,Thu May 20 18:57:19 +0000 2010,0,False,13132,https://www.cosmopolitan.com/uk/,cosmopolitan uk the womens magazine for fashion beauty sex tips and celebrity news,,www.cosmopolitan.com,rt sugars cape demi lovato spat simon powell factor usa audition lovely cosmopolitan uk womens magazine fashion beauty sex tips celebrity news
3,27,244907538561257473,2012-09-09 21:18:02,RT @NewsCritter: RT@stiNgo100 Good read. Daily Kos: NEWS: Obama Has HUGE Jump in Rasmussen Poll: Bounce Trounces Job Numbers http://t.co ...,web,retweet,244876330980737024,2.4487633098073702e+17,,0,2,0,p2,http://t.co|http://www.dailykos.com/story/2012/09/09/1129570/-NEWS-Obama-Has-HUGE-Jump-in-Rasmussen-Poll-Bounce-Trounces-Job-Numbers,http://www.dailykos.com/story/2012/09/09/1129570/-NEWS-Obama-Has-HUGE-Jump-in-Rasmussen-Poll-Bounce-Trounces-Job-Numbers,Mscharizmaa,32293552,48327725|305614280,347,483,12,Fri Apr 17 03:49:11 +0000 2009,0,False,18521,https://www.dailykos.com/stories/2012/09/09/1129570/-NEWS-Obama-Has-HUGE-Jump-in-Rasmussen-Poll-Bounce-Trounces-Job-Numbers,news: obama has huge jump in rasmussen poll: bounce trounces job numbers,the media has to have a close race because otherwise they wouldnt have the storyline they need to keep readers interestedso when the democratic convention appeared to be having a major effect ,www.dailykos.com,rtnewscritterrtstingo100 good read dailykook news obama huge jump rasmussen poll bounce troubles job numbers news obama huge jump rasmussen poll bounce troubles job numbers media close race otherwise would storyline need keep readers interested democratic convention appeared major effect
4,47,244907566373666816,2012-09-09 21:18:08,RT @DLoesch: Obama One Year Ago: Americans Are Not Better Off: http://t.co/0v3qIXEP,"<a href=""http://twitter.com/download/android"" rel=""nofollow"">Twitter for Android</a>",retweet,244866784149245952,2.4486678414924595e+17,,0,39,0,,http://bit.ly/O5GfOW|http://bit.ly/O5GfOW,http://bit.ly/O5GfOW,hurrduhdurr,163061503,7702542,37,267,0,Mon Jul 05 13:01:24 +0000 2010,0,False,238,https://www.breitbart.com/politics/2012/09/08/Obama-One-Year-Ago-Americans-Not-Better-Off/,obama one year ago: americans are not better off,what a difference a year makes the president defiantly told the country before his dnc speech that we were,www.breitbart.com,red loch obama one year ago americans better obama one year ago americans better difference year makes president defiant told country dnc speech
5,48,244907568621834240,2012-09-09 21:18:09,RT @2016themovie: Dont quite earn $250000? Obamas got 7 brand new taxes for you http://t.co/Er8uX3nx,"<a href=""http://www.echofon.com/"" rel=""nofollow"">Echofon</a>",retweet,244861573007556608,2.448615730075566e+17,,0,46,0,,http://www.breitbart.com/Big-Government/2012/06/29/Seven-new-taxes|http://www.breitbart.com/Big-Government/2012/06/29/Seven-new-taxes,http://www.breitbart.com/Big-Government/2012/06/29/Seven-new-taxes,SeaEhmElle,82251155,519938604,51,111,2,Wed Oct 14 02:05:28 +0000 2009,0,False,7104,https://www.breitbart.com/politics/2012/06/29/Seven-new-taxes/,obamacare: seven new taxes on citizens earning less than $250000,while we were all debating the cost to our liberty due to the patient protection and affordable care act (obamacare) we were ignoring the cost to our ,www.breitbart.com,rt2016 movie quite earn250000obamasgot7 brand new taxes obama care seven new taxes citizens earning less two hundred and fifty thousand debating cost liberty due patient protection affordable care act obama care ignoring cost
6,73,244907622761897984,2012-09-09 21:18:22,Obama Blasts Romneys Medicare Plan in Appeal to Florida Seniors - ABC News (blog) http://t.co/YNZQg0iF,"<a href=""http://www.google.com/"" rel=""nofollow"">Google</a>",tweet,244907622761897984,,,0,0,0,,http://goo.gl/FAfmF,http://goo.gl/FAfmF,Florida_Guide,367594123,,857,978,2,Sun Sep 04 06:47:06 +0000 2011,0,False,15908,http://ictmax.org/~Florida_Guide/,sennens okage - florida_guide,,ictmax.org,obama blasts romney medical plan appeal florida seniors abcnews blog seinen page florida guide
7,77,244907628784939008,2012-09-09 21:18:23,State of the race: Advantage Obama - Jim VandeHei and Mike Allen - http://t.co/BIRhZDLM http://t.co/tPOgnrj6,"<a href=""http://twitter.com/tweetbutton"" rel=""nofollow"">Tweet Button</a>",tweet,244907628784939008,,,0,0,0,,http://POLITICO.com|http://www.politico.com/news/stories/0912/80949.html,http://POLITICO.com|http://www.politico.com/news/stories/0912/80949.html,PortiaABoulger,21398055,,1603,1898,67,Fri Feb 20 14:02:37 +0000 2009,0,False,49419,https://www.politico.com:443/|https://www.politico.com/story/2012/09/state-of-the-race-advantage-obama-080949,politics policy political news - politico state of the race: advantage obama - politico,nobody knows politics like politico he heads out of the conventions with a much clearer path to winning romney advisers say privately,www.politico.com:443,state race advantage obama jim vandehei mike allen politics policy political news politico state race advantage obama politico nobody knows politics like politico heads conventions much clearer path winning romney advisers say privately
8,98,244907659512389632,2012-09-09 21:18:30,RT @sugarscape: Demi Lovato spat on Simon Cowell during X Factor USA audition. LOVELY. http://t.co/rX7LgDbk,"<a href=""http://twitter.com/download/iphone"" rel=""nofollow"">Twitter for iPhone</a>",retweet,244907173216407553,2.4490717321640755e+17,,0,10,0,,http://on.sugarsca.pe/TEkoDJ|http://on.sugarsca.pe/TEkoDJ,http://on.sugarsca.pe/TEkoDJ,RadNiall,100143697,16510838,152,171,0,Tue Dec 29 05:23:25 +0000 2009,0,False,8023,https://www.cosmopolitan.com/uk/,cosmopolitan uk the womens magazine for fashion beauty sex tips and celebrity news,,www.cosmopolitan.com,rt sugars cape demi lovato spat simon powell factor usa audition lovely cosmopolitan uk womens magazine fashion beauty sex tips celebrity news
9,107,244907678294487040,2012-09-09 21:18:35,@lovelive__laugh Demi Lovato spat on Simon Cowell during X Factor USA audition. LOVELY. http://t.co/UA1mNVLB,web,reply,244907206326222848,,,0,0,0,,http://on.sugarsca.pe/TEkoDJ,http://on.sugarsca.pe/TEkoDJ,Mady_Loves1D,573152540,434575936,277,270,0,Mon May 07 00:41:58 +0000 2012,0,False,6201,https://www.cosmopolitan.com/uk/,cosmopolitan uk the womens magazine for fashion beauty sex tips and celebrity news,,www.cosmopolitan.com,love live laugh demi lovato spat simon powell factor usa audition lovely cosmopolitan uk womens magazine fashion beauty sex tips celebrity news
10,142,244907729838292992,2012-09-09 21:18:47,RT @Chris_1791: Remember this gem - Michelle Obama: First Time proud of USA  http://t.co/zyp5yYUf #DNC2012 More proof Obama should never ...,web,retweet,244906409798537217,2.449064097985372e+17,,0,1,0,DNC2012,http://goo.gl/LxUbi|http://goo.gl/LxUbi,http://goo.gl/LxUbi,georgecarl1955,28201964,312149882,53,97,1,Wed Apr 01 21:33:52 +0000 2009,0,False,2908,https://www.youtube.com/watch?v=LYY73RO_egw,michelle obama: first time  proud of usa - youtube,what we have learned over this year is that hope is making a comeback it is making a comeback and let me tell you something -- for the first time in my adu,www.youtube.com,chris1791 remember gem michelle obama first time proud usadnc2012 proof obama never michelle obama first time proud usa youtube learned year hope making comeback making comeback let tell something first time add
11,144,244907734028410880,2012-09-09 21:18:48,State of the race: Advantage Obama - Jim VandeHei and Mike Allen - http://t.co/SGht75dt http://t.co/A8pDGXYd #Arithmetic,"<a href=""http://bitly.com"" rel=""nofollow"">bitly</a>",tweet,244907734028410880,,,0,0,0,Arithmetic,http://POLITICO.com|http://politi.co/QxshcL,http://POLITICO.com|http://politi.co/QxshcL,JohnB2,15580236,,235,112,9,Thu Jul 24 11:22:17 +0000 2008,0,False,5087,https://www.politico.com:443/,politics policy political news - politico,nobody knows politics like politico,www.politico.com:443,state race advantage obama jim vandehei mike allen arithmetic politics policy political news politico nobody knows politics like politico
12,147,244907736603697152,2012-09-09 21:18:49,RT @EMILIOTHEWAY: @BarackObama - Last year President Bartlett and I went to VT. Mr. President you can do it too http://t.co/clEKA9xk  ...,web,retweet,244667501575798785,2.446675015757988e+17,,0,182,0,Obama2VT,http://youtube.com/watch?v=w8DNR-rWKyE|http://youtube.com/watch?v=w8DNR-rWKyE,http://youtube.com/watch?v=w8DNR-rWKyE,Airr_N,338097832,261445178|813286,226,106,1,Tue Jul 19 02:34:35 +0000 2011,0,False,5172,https://www.youtube.com/watch?v=w8DNR-rWKyE,john boyer & his world regions class at virginia tech request president barack obama to visit - youtube,professor john boyer and his 3000 person world regions class at virginia tech request president barack obama to come to his class and discuss american foreig,www.youtube.com,rt emily way barack obama last year president barrett went vt mr president john boxer world regions class virginia tech request president barack obama visit youtube professor john boxer three thousand person world regions class virginia tech request president barack obama come class discuss american big
13,154,244907747160760321,2012-09-09 21:18:51,RT @Hanson8046: @dleadbeater2011: Make ur heart skip  beat in The Bones of Odin UK - http://t.co/PCOpbbkD .... USA - http://t.co/Kk12 ...,"<a href=""http://twitter.com/download/android"" rel=""nofollow"">Twitter for Android</a>",retweet,244904282208481281,2.4490428220848128e+17,,0,1,0,,http://tinyurl.com/777pedb|http://t.co/Kk12|http://tinyurl.com/777pedb|http://tinyurl.com/84tgzgp,http://tinyurl.com/777pedb|http://t.co/Kk12|http://tinyurl.com/84tgzgp,dleadbeater2011,434768070,513225175|434768070|29246025,7930,7747,263,Mon Dec 12 08:50:11 +0000 2011,0,False,24342,https://www.amazon.co.uk/Bones-Odin-Matt-Drake-Book-ebook/dp/B006AVJGU8,the bones of odin (matt drake book 1) ebook: leadbeater david: amazoncouk: kindle store,,www.amazon.co.uk,rt hanson 8046dleadbeater2011mak eur heart skip beat bones odin uk usa bones odinmattdrakebook1e book leadbeater david amazon co uk kindly store
14,159,244907755209637888,2012-09-09 21:18:53,RT @sugarscape: Demi Lovato spat on Simon Cowell during X Factor USA audition. LOVELY. http://t.co/rX7LgDbk,web,retweet,244907173216407553,2.4490717321640755e+17,,0,11,0,,http://on.sugarsca.pe/TEkoDJ|http://on.sugarsca.pe/TEkoDJ,http://on.sugarsca.pe/TEkoDJ,1D_for_ever_,591971804,16510838,1142,1772,1,Sun May 27 16:58:45 +0000 2012,0,False,13047,https://www.cosmopolitan.com/uk/,cosmopolitan uk the womens magazine for fashion beauty sex tips and celebrity news,,www.cosmopolitan.com,rt sugars cape demi lovato spat simon powell factor usa audition lovely cosmopolitan uk womens magazine fashion beauty sex tips celebrity news
15,175,244907777359749121,2012-09-09 21:18:58,just another reason why I love my President mitt would neva Pizza Shop Owner Gives President A Big Hug http://t.co/rxBAUWJC via @buzzfeed,"<a href=""http://twitter.com/tweetbutton"" rel=""nofollow"">Tweet Button</a>",tweet,244907777359749121,,,0,0,0,,http://www.buzzfeed.com/andrewkaczynski/air-obama-pizza-shop-owner-gives-president-a-big,http://www.buzzfeed.com/andrewkaczynski/air-obama-pizza-shop-owner-gives-president-a-big,GoInGoOffGoHard,112045923,5695632,354,395,10,Sun Feb 07 02:45:34 +0000 2010,0,False,31985,https://www.buzzfeednews.com/article/andrewkaczynski/air-obama-pizza-shop-owner-gives-president-a-big,pizza shop owner gives president a big hug,scott van duzer owner of the big apple pizza showed his affection for the president today in florida,www.buzzfeednews.com,another reason love president mitt would nova pizza shop owner gives president big hug via buzz feed pizza shop owner gives president big hug scott van user owner big apple pizza showed affection president today florida
16,182,244907783445696512,2012-09-09 21:19:00,Obama Grilled About Kill List By Local Reporter: http://t.co/T7lYQMfM via @youtube,"<a href=""http://twitter.com/tweetbutton"" rel=""nofollow"">Tweet Button</a>",tweet,244907783445696512,,,0,0,0,,http://youtu.be/P4j_G0nmbWE,http://youtu.be/P4j_G0nmbWE,Bruce_Shepard,763445918,10228272,199,1233,0,Fri Aug 17 10:22:19 +0000 2012,0,False,202,https://www.youtube.com/watch?v=P4j_G0nmbWE&feature=youtu.be,obama grilled about kill list by local reporter - youtube,a local ohio reporter grilled president obama forcefully about his controversial so-called kill list on tuesday obama has been making an aggressive effor,www.youtube.com,obama grilled kill list local reporter via youtube obama grilled kill list local reporter youtube local ohio reporter grilled president obama forcefully controversial called kill list tuesday obama making aggressive ef
17,188,244907786755002368,2012-09-09 21:19:01,RT @theonlyadult: Chief of Cherokee Nation Calls Obama the Best President EVER for American Indians http://t.co/kclJp3Tz via @dailykos,web,retweet,244888986810736640,2.4488898681073664e+17,,0,17,0,,http://www.dailykos.com/story/2012/09/09/1129679/-Chief-of-Cherokee-Nation-Calls-Obama-the-Best-President-EVER-for-American-Indians|http://www.dailykos.com/story/2012/09/09/1129679/-Chief-of-Cherokee-Nation-Calls-Obama-the-Best-President-EVER-for-American-Indians,http://www.dailykos.com/story/2012/09/09/1129679/-Chief-of-Cherokee-Nation-Calls-Obama-the-Best-President-EVER-for-American-Indians,69Matts20cents,481559427,232851192|20818801,56,80,1,Thu Feb 02 22:31:12 +0000 2012,0,False,3683,https://www.dailykos.com/stories/2012/09/09/1129679/-Chief-of-Cherokee-Nation-Calls-Obama-the-Best-President-EVER-for-American-Indians,chief of cherokee nation calls obama the best president ever for american indians,for too long in this country native americans the indigenous people of this land not only had their land and culture stolen but had to endure poverty as well as discrimination racism neglect ,www.dailykos.com,rt adult chief cherokee nation calls obama best president ever american indians via dailykook chief cherokee nation calls obama best president ever american indians long country native americans indigenous people land land culture stolen endure poverty well discrimination racism neglect
18,207,244907810717040640,2012-09-09 21:19:06,RT @portalJORNALE: Ex-padre usa casa de suingue para fazer campanha.  Roque Rauber  candidato a vereador em Porto Alegre. http://t.co/L ...,web,retweet,244907567430656000,2.44907567430656e+17,,0,1,0,,http://t.co/L|http://bit.ly/P6kpO6,http://t.co/L|http://bit.ly/P6kpO6,AdrianeWerner,55934245,58538112,2443,1667,76,Sat Jul 11 21:25:23 +0000 2009,0,False,34747,https://www.luxmea.co/,home  luxmea,,www.luxmea.co,rt portal journal sex padre usa casa de suing ueparafazercampanharoque rather candidato ave read ore porto alert home lux
19,233,244907839125086208,2012-09-09 21:19:13,RT @dennygirltwo: GO VIRAL http://t.co/4ypHY64v #Obama Un-narrated Documentary( his own words) #Seniors #NFL #AFL #2016 #CO #OH #Ohio # ...,web,retweet,244830823214350336,2.4483082321435037e+17,,0,18,0,Obama|Seniors|NFL|AFL|CO|OH|Ohio|VA|FL|Communism|WI,http://youtu.be/nWVL7TptQ24?a|http://youtu.be/nWVL7TptQ24?a,http://youtu.be/nWVL7TptQ24?a,DonCKissick,24528410,194615561,241,230,18,Sun Mar 15 14:17:05 +0000 2009,0,False,4258,https://www.youtube.com/watch?v=nWVL7TptQ24&feature=youtu.be&a,obama un-narrated documentary/review (in his own words) - youtube,from snorkeldogg http://wwwyoutubecom/user/snorkeldogg/videos wordsmatter2012 is another source used for this video wordsmatter2012 was launched this past,www.youtube.com,rt deny girl two go viral obama un narrated documentary words seniors nfl afl2016coohohioobamaun narrated documentary review words youtube snooker dogg words matter two thousand and twelve another source used video words matter two thousand and twelve launched past
20,245,244907852525875200,2012-09-09 21:19:16,RT @BuzzFeed: SO GOOD RT @BuzzFeedAndrew: This is amazing. Pizza shop owner gives president a big hug. http://t.co/knxK5zcG,web,retweet,244880434423541760,2.4488043442354176e+17,,0,56,0,,http://www.buzzfeed.com/andrewkaczynski/air-obama-pizza-shop-owner-gives-president-a-big|http://www.buzzfeed.com/andrewkaczynski/air-obama-pizza-shop-owner-gives-president-a-big,http://www.buzzfeed.com/andrewkaczynski/air-obama-pizza-shop-owner-gives-president-a-big,KateWoodsWalker,21933115,5695632|326255267,25,121,0,Wed Feb 25 23:02:36 +0000 2009,0,False,464,https://www.buzzfeednews.com/article/andrewkaczynski/air-obama-pizza-shop-owner-gives-president-a-big,pizza shop owner gives president a big hug,scott van duzer owner of the big apple pizza showed his affection for the president today in florida,www.buzzfeednews.com,rt buzz feed good rt buzz feed andrew amazing pizza shop owner gives president big hug pizza shop owner gives president big hug scott van user owner big apple pizza showed affection president today florida
21,270,244907898520629248,2012-09-09 21:19:27,Florida pizza shop owner powerlifts Obama  The Ticket - Yahoo News http://t.co/HpwRiRyF via @YahooNews,"<a href=""http://twitter.com/tweetbutton"" rel=""nofollow"">Tweet Button</a>",tweet,244907898520629248,,,0,0,0,,http://news.yahoo.com/blogs/ticket/florida-pizza-shop-owner-powerlifts-obama-195921467--election.html,http://news.yahoo.com/blogs/ticket/florida-pizza-shop-owner-powerlifts-obama-195921467--election.html,xXRaleighGuyXx,151452073,7309052,11,45,0,Thu Jun 03 12:54:13 +0000 2010,0,False,158,https://news.yahoo.com/blogs/ticket/florida-pizza-shop-owner-powerlifts-obama-195921467--election.html,florida pizza shop owner powerlifts obama,florida pizza shop owner scott van duzer lifted president barack obama a solid foot off the ground in a bear hug during an unscripted stop at his fort pierce fla store literally so what did the secret service think about van duzer  a registered republican who says hell vote for obama in november  [],news.yahoo.com,florida pizza shop owner power lifts obama ticket yahoo news via yahoo news florida pizza shop owner power lifts obama florida pizza shop owner scott van user lifted president barack obama solid foot ground bear hug scripted stop fort pierce fla store literally secret service think van user registered republican say shell vote obama november
22,272,244907902031241216,2012-09-09 21:19:28,Americas refusal to extradite Bolivias ex-president to face genocide charges http://t.co/AWZ1dcki by @ggreenwald,web,tweet,244907902031241216,,,0,0,0,,http://bit.ly/Pfoy3W,http://bit.ly/Pfoy3W,kgosztola,15808218,16076032,10019,1026,541,Mon Aug 11 13:49:38 +0000 2008,0,False,17244,https://www.theguardian.com/commentisfree/2012/sep/09/america-refusal-extradite-bolivia,americas refusal to extradite bolivias ex-president to face genocide charges  bolivia  the guardian,glenn greenwald: obama justice officials have all but granted asylum to snchez de lozada  a puppet who payrolled key democratic advisers,www.theguardian.com,americas refusal extradited bolivia sex president face genocide charges g greenwald americas refusal extradited bolivia sex president face genocide charges bolivia guardian glenn greenwald obama justice officials granted asylum sn chez de load puppet pay rolled key democratic advisers
23,282,244907915557875712,2012-09-09 21:19:31,Disappointed  President Obama http://t.co/ry076glm via @youtube,"<a href=""http://twitter.com/tweetbutton"" rel=""nofollow"">Tweet Button</a>",tweet,244907915557875712,,,0,0,0,,http://www.youtube.com/watch?v=1uQXlo44cps&sns=tw,http://www.youtube.com/watch?v=1uQXlo44cps&sns=tw,8I_notweak,812006292,10228272,0,0,0,Sun Sep 09 00:54:22 +0000 2012,0,False,2,https://www.youtube.com/watch?v=1uQXlo44cps&sns=tw,disappointed  president obama - youtube,after 4 years many of president obamas once-fervent supporters are disappointed with the lack of progress is this the new direction that so many hoped f,www.youtube.com,disappointed president obama via youtube disappointed president obama youtube four years many president obama fervent supporters disappointed lack progress new direction many hoped f
24,286,244907917948641280,2012-09-09 21:19:32,Pizza Shop Owner Gives President A Big Hug http://t.co/cq3HTx7D via @buzzfeed,"<a href=""http://twitter.com/tweetbutton"" rel=""nofollow"">Tweet Button</a>",tweet,244907917948641280,,,0,0,0,,http://www.buzzfeed.com/andrewkaczynski/air-obama-pizza-shop-owner-gives-president-a-big,http://www.buzzfeed.com/andrewkaczynski/air-obama-pizza-shop-owner-gives-president-a-big,KatNohio,29055725,5695632,17,39,0,Sun Apr 05 20:22:34 +0000 2009,0,False,219,https://www.buzzfeednews.com/article/andrewkaczynski/air-obama-pizza-shop-owner-gives-president-a-big,pizza shop owner gives president a big hug,scott van duzer owner of the big apple pizza showed his affection for the president today in florida,www.buzzfeednews.com,pizza shop owner gives president big hug via buzz feed pizza shop owner gives president big hug scott van user owner big apple pizza showed affection president today florida
25,295,244907925821337601,2012-09-09 21:19:34,RT @sugarscape: Demi Lovato spat on Simon Cowell during X Factor USA audition. LOVELY. http://t.co/rX7LgDbk,"<a href=""http://twitter.com/download/iphone"" rel=""nofollow"">Twitter for iPhone</a>",retweet,244907173216407553,2.4490717321640755e+17,,0,12,0,,http://on.sugarsca.pe/TEkoDJ|http://on.sugarsca.pe/TEkoDJ,http://on.sugarsca.pe/TEkoDJ,TanvirD_1D,458097479,16510838,1727,1986,12,Sun Jan 08 05:22:58 +0000 2012,0,False,29619,https://www.cosmopolitan.com/uk/,cosmopolitan uk the womens magazine for fashion beauty sex tips and celebrity news,,www.cosmopolitan.com,rt sugars cape demi lovato spat simon powell factor usa audition lovely cosmopolitan uk womens magazine fashion beauty sex tips celebrity news
26,306,244907941843582976,2012-09-09 21:19:38,#OBAMA FORUM &gt Obama talks Medicare in Space Coast appearance - Orlando Sentinel  http://t.co/05H7AjZJ,"<a href=""http://twitterfeed.com"" rel=""nofollow"">twitterfeed</a>",tweet,244907941843582976,,,0,0,0,OBAMA,http://frog.ly/?p=80,http://frog.ly/?p=80,allobama1,304096143,,2,0,0,Mon May 23 22:47:47 +0000 2011,0,False,2883,https://www.lftechnology.com/,leapfrog technology,leapfrog is a full-stack technology services company focused on product engineering data engineering and ai hire us to scale your technology innovation with high performing remote engineering teams,www.lftechnology.com,obama forum gt obama talks medical space coast appearance orlandosentinel leapfrog technology leapfrog full stack technology services company focused product engineering data engineering hire us scale technology innovation high performing remote engineering teams
27,316,244907957421211648,2012-09-09 21:19:41,RT @Lizardoid: Flabbergasted Rand Paul Learns Public Employment Decreased Under Obama http://t.co/9Gc6tSEf,"<a href=""http://twitter.com/download/iphone"" rel=""nofollow"">Twitter for iPhone</a>",retweet,244898103910604801,2.448981039106048e+17,,0,47,0,,http://lgf.bz/Tz4USU|http://lgf.bz/Tz4USU,http://lgf.bz/Tz4USU,PatHeibBrock,490910776,21785215,72,141,3,Mon Feb 13 01:42:35 +0000 2012,0,False,2469,http://littlegreenfootballs.com/page/284605_Flabbergasted_Rand_Paul_Learns,flabbergasted rand paul learns public employment decreased under obama - lgf pages,full article and video at link thinkprogressorg one of the least appreciated but easily-confirmed facts about the current state of the american economy is that the number of americans employed by the government has gone down under president obama but ,littlegreenfootballs.com,rt lizard id flabbergasted rand paul learns public employment decreased obama flabbergasted rand paul learns public employment decreased obama gf pages full article video link thinkprogress org one least appreciated easily confirmed facts current state american economy number americans employed government gone president obama
28,337,244907970733948928,2012-09-09 21:19:45,RT @sugarscape: Demi Lovato spat on Simon Cowell during X Factor USA audition. LOVELY. http://t.co/rX7LgDbk,"<a href=""http://tapbots.com/tweetbot"" rel=""nofollow"">Tweetbot for iOS</a>",retweet,244907173216407553,2.4490717321640755e+17,,0,13,0,,http://on.sugarsca.pe/TEkoDJ|http://on.sugarsca.pe/TEkoDJ,http://on.sugarsca.pe/TEkoDJ,HanKular,248251937,16510838,302,569,1,Sun Feb 06 16:03:58 +0000 2011,0,False,12263,https://www.cosmopolitan.com/uk/,cosmopolitan uk the womens magazine for fashion beauty sex tips and celebrity news,,www.cosmopolitan.com,rt sugars cape demi lovato spat simon powell factor usa audition lovely cosmopolitan uk womens magazine fashion beauty sex tips celebrity news
29,347,244907978505977856,2012-09-09 21:19:46,RT @sugarscape: Demi Lovato spat on Simon Cowell during X Factor USA audition. LOVELY. http://t.co/rX7LgDbk,"<a href=""http://twitter.com/download/android"" rel=""nofollow"">Twitter for Android</a>",retweet,244907173216407553,2.4490717321640755e+17,,0,14,0,,http://on.sugarsca.pe/TEkoDJ|http://on.sugarsca.pe/TEkoDJ,http://on.sugarsca.pe/TEkoDJ,Jane_Lawson_1D,354262043,16510838,304,704,2,Sat Aug 13 12:16:46 +0000 2011,0,False,14627,https://www.cosmopolitan.com/uk/,cosmopolitan uk the womens magazine for fashion beauty sex tips and celebrity news,,www.cosmopolitan.com,rt sugars cape demi lovato spat simon powell factor usa audition lovely cosmopolitan uk womens magazine fashion beauty sex tips celebrity news
30,354,244907985867001856,2012-09-09 21:19:48,Garoto de 5 anos vira prodgio da sinuca e usa at irmozinho para fazer truques assista http://t.co/Ey53G7Mr at me lembrou algum...rsrs,"<a href=""http://twitter.com/download/android"" rel=""nofollow"">Twitter for Android</a>",tweet,244907985867001856,,,0,0,0,,http://uolesporte.blogosfera.uol.com.br/2012/09/09/garoto-de-5-anos-vira-prodigio-da-sinuca-e-usa-ate-irmaozinho-para-fazer-truques-assista/,http://uolesporte.blogosfera.uol.com.br/2012/09/09/garoto-de-5-anos-vira-prodigio-da-sinuca-e-usa-ate-irmaozinho-para-fazer-truques-assista/,cpnjunior,187380237,,12,113,0,Mon Sep 06 02:06:51 +0000 2010,0,False,1499,https://uolesporte.blogosfera.uol.com.br/2012/09/09/garoto-de-5-anos-vira-prodigio-da-sinuca-e-usa-ate-irmaozinho-para-fazer-truques-assista/,garoto de 5 anos vira prodgio da sinuca e usa at irmozinho para fazer truques assista - uol esporte,veja resultados notcias entrevistas fotos vdeos e os bastidores do esporte acompanhe ao vivo os principais eventos esportivos no brasil e do mundo,uolesporte.blogosfera.uol.com.br,proto de5anosviraprodgiodasinu cae usa ati rmozinhoparafazertruques assist html embroualgumrsrsgarotode5 anosviraprodgiodasinucae usa ati rmozinhoparafazertruques assist url esporte veja resultados cias entrevista fotos videos eos last does porte company head vivo os principals eventos e sportive no brasil mundo
31,361,244907992489795585,2012-09-09 21:19:50,RT @sugarscape: Demi Lovato spat on Simon Cowell during X Factor USA audition. LOVELY. http://t.co/rX7LgDbk,web,retweet,244907173216407553,2.4490717321640755e+17,,0,15,0,,http://on.sugarsca.pe/TEkoDJ|http://on.sugarsca.pe/TEkoDJ,http://on.sugarsca.pe/TEkoDJ,KatieRietow,525777609,16510838,75,95,1,Thu Mar 15 21:44:16 +0000 2012,0,False,860,https://www.cosmopolitan.com/uk/,cosmopolitan uk the womens magazine for fashion beauty sex tips and celebrity news,,www.cosmopolitan.com,rt sugars cape demi lovato spat simon powell factor usa audition lovely cosmopolitan uk womens magazine fashion beauty sex tips celebrity news
32,376,244908005458599938,2012-09-09 21:19:53,@eduardosuarez: Estas dos fotos de Biden y Obama son fascinantes. Lo que hacen los polticos en campaa. http://t.co/TOLI56So,"<a href=""http://blackberry.com/twitter"" rel=""nofollow"">Twitter for BlackBerry®</a>",tweet,244908005458599938,,,0,0,0,,http://www.buzzfeed.com/andrewkaczynski/air-obama-pizza-shop-owner-gives-president-a-big,http://www.buzzfeed.com/andrewkaczynski/air-obama-pizza-shop-owner-gives-president-a-big,cabezawcfe,480411325,18757892,538,1999,0,Wed Feb 01 13:28:16 +0000 2012,0,False,128,https://www.buzzfeednews.com/article/andrewkaczynski/air-obama-pizza-shop-owner-gives-president-a-big,pizza shop owner gives president a big hug,scott van duzer owner of the big apple pizza showed his affection for the president today in florida,www.buzzfeednews.com,eduardo sure esta dos fotos de biden obama song sites lo que hacenlospolticosencampaa pizza shop owner gives president big hug scott van user owner big apple pizza showed affection president today florida
33,380,244908006314213376,2012-09-09 21:19:53,RT @EMILIOTHEWAY: @BarackObama - Last year President Bartlett and I went to VT. Mr. President you can do it too http://t.co/clEKA9xk  ...,"<a href=""http://twitter.com/download/android"" rel=""nofollow"">Twitter for Android</a>",retweet,244667501575798785,2.446675015757988e+17,,0,184,0,Obama2VT,http://youtube.com/watch?v=w8DNR-rWKyE|http://youtube.com/watch?v=w8DNR-rWKyE,http://youtube.com/watch?v=w8DNR-rWKyE,sheeebie,159724321,261445178|813286,159,141,0,Sat Jun 26 04:50:26 +0000 2010,0,False,3597,https://www.youtube.com/watch?v=w8DNR-rWKyE,john boyer & his world regions class at virginia tech request president barack obama to visit - youtube,professor john boyer and his 3000 person world regions class at virginia tech request president barack obama to come to his class and discuss american foreig,www.youtube.com,rt emily way barack obama last year president barrett went vt mr president john boxer world regions class virginia tech request president barack obama visit youtube professor john boxer three thousand person world regions class virginia tech request president barack obama come class discuss american big
34,395,244908015982112769,2012-09-09 21:19:55,RT @kgosztola: Americas refusal to extradite Bolivias ex-president to face genocide charges http://t.co/AWZ1dcki by @ggreenwald,web,retweet,244907902031241216,2.449079020312412e+17,,0,1,0,,http://bit.ly/Pfoy3W|http://bit.ly/Pfoy3W,http://bit.ly/Pfoy3W,vruz,28009632,15808218|16076032,863,1994,45,Wed Apr 01 00:46:42 +0000 2009,0,False,24706,https://www.theguardian.com/commentisfree/2012/sep/09/america-refusal-extradite-bolivia,americas refusal to extradite bolivias ex-president to face genocide charges  bolivia  the guardian,glenn greenwald: obama justice officials have all but granted asylum to snchez de lozada  a puppet who payrolled key democratic advisers,www.theguardian.com,rt go sz la americas refusal extradited bolivia sex president face genocide charges g greenwald americas refusal extradited bolivia sex president face genocide charges bolivia guardian glenn greenwald obama justice officials granted asylum sn chez de load puppet pay rolled key democratic advisers
35,400,244908024190337024,2012-09-09 21:19:57,Schoen: Obama Is No Bill Clinton #LNYHBT #TCOT http://t.co/vyHzvmSN via @Newsmax_Media,"<a href=""http://twitter.com/tweetbutton"" rel=""nofollow"">Tweet Button</a>",tweet,244908024190337024,,,0,0,0,LNYHBT|TCOT,http://www.newsmax.com/DougSchoen/Obama-DNC-speech-Clinton/2012/09/07/id/451098,http://www.newsmax.com/DougSchoen/Obama-DNC-speech-Clinton/2012/09/07/id/451098,Dbargen,23195603,20545835,14405,15572,398,Sat Mar 07 14:18:02 +0000 2009,0,False,32851,https://www.newsmax.com/DougSchoen/Obama-DNC-speech-Clinton/2012/09/07/id/451098/,schoen: obama is no bill clinton  newsmaxcom,president obamas speech last night was certainly not the game changer that many expected and hoped that it would be,www.newsmax.com,school obama bill clinton lnyhbttcotvia newman media school obama bill clinton newman com president obama speech last night certainly game changer many expected hoped would
36,407,244908033547841536,2012-09-09 21:20:00,RT @marabout40: Pizza Shop Owner Gives President A Big Hug http://t.co/qR8UdWwx WTH is Joe doing?? LOL Look at the guys faces LMBO,"<a href=""http://twitter.com/download/android"" rel=""nofollow"">Twitter for Android</a>",retweet,244906240948465664,2.4490624094846566e+17,,0,1,0,,http://www.buzzfeed.com/andrewkaczynski/air-obama-pizza-shop-owner-gives-president-a-big|http://www.buzzfeed.com/andrewkaczynski/air-obama-pizza-shop-owner-gives-president-a-big,http://www.buzzfeed.com/andrewkaczynski/air-obama-pizza-shop-owner-gives-president-a-big,bpizano67,281383605,37048835,1037,1238,39,Wed Apr 13 05:41:52 +0000 2011,0,False,15792,https://www.buzzfeednews.com/article/andrewkaczynski/air-obama-pizza-shop-owner-gives-president-a-big,pizza shop owner gives president a big hug,scott van duzer owner of the big apple pizza showed his affection for the president today in florida,www.buzzfeednews.com,rtmarabout40 pizza shop owner gives president big hug w joe lol look guys faces lb pizza shop owner gives president big hug scott van user owner big apple pizza showed affection president today florida
37,410,244908038589390848,2012-09-09 21:20:01,Demi Lovato &amp Simon Cowell Talk About Niall Horan - X Factor USA Exclusi...: http://t.co/x5G3tRmC @xlrespectdemi SHE GETS EMBARRESED SO CUTE,"<a href=""http://twitter.com/tweetbutton"" rel=""nofollow"">Tweet Button</a>",tweet,244908038589390848,,,0,0,0,,http://youtu.be/VLUOzdEK6Ig,http://youtu.be/VLUOzdEK6Ig,DLovatoWorld,348594033,,804,1277,2,Thu Aug 04 17:48:45 +0000 2011,0,False,8051,https://www.youtube.com/watch?v=VLUOzdEK6Ig&feature=youtu.be,demi lovato & simon cowell talk about niall horan - x factor usa exclusive (backstage) - youtube,no copyright enfringement intended - all rights belong to fox i have uploaded this purely for entertainment purposes this is something that i think we have,www.youtube.com,demi lovato amp simon powell talk small horn factor usa excess il respect demi gets em bare sed cute demi lovato simon powell talk small horn factor usa exclusive backstage youtube copyright en fringe ment intended rights belong fox uploaded purely entertainment purposes something think
38,412,244908041487667200,2012-09-09 21:20:01, http://t.co/t3huPrg7  01:30     4-2 (  )/Breaking Bad 4-2 (criminal series USA),"<a href=""http://1hd.ru/"" rel=""nofollow"">1HD-Preview</a>",tweet,244908041487667200,,,0,0,0,,http://1HD.RU,http://1HD.RU,1NiTV,107768501,,3542,3441,54,Sat Jan 23 17:26:50 +0000 2010,0,False,4745,https://1hd.ru/,1hd music television,,1hd.ru,013042breakingbad42 criminal series usa1hd music television
39,428,244908069203628032,2012-09-09 21:20:08,New campaign video: President Obama significantly expanded funding to Catholic organizations that serve those in need http://t.co/yDCyrPcz,web,tweet,244908069203628032,,,0,0,0,,http://youtu.be/zJn1FjXwY7o,http://youtu.be/zJn1FjXwY7o,nwarikoo,106021590,,2814,1985,119,Mon Jan 18 07:10:04 +0000 2010,0,False,15845,https://www.youtube.com/watch?v=zJn1FjXwY7o&feature=youtu.be,president obama: join catholics for obama - youtube,join catholics for obama: http://ofabo/zuwc3q president obama shares why faith is important in his life and encourages you to join catholics for obama,www.youtube.com,new campaign video president obama significantly expanded funding catholic organizations serve need president obama join catholics obama youtube join catholics obama president obama shares faith important life encourages join catholics obama
40,437,244908081622958081,2012-09-09 21:20:11,RT @kgosztola: Americas refusal to extradite Bolivias ex-president to face genocide charges http://t.co/AWZ1dcki by @ggreenwald,web,retweet,244907902031241216,2.449079020312412e+17,,0,2,0,,http://bit.ly/Pfoy3W|http://bit.ly/Pfoy3W,http://bit.ly/Pfoy3W,starshollowgzt,153293167,15808218|16076032,389,624,13,Tue Jun 08 04:56:13 +0000 2010,0,False,29119,https://www.theguardian.com/commentisfree/2012/sep/09/america-refusal-extradite-bolivia,americas refusal to extradite bolivias ex-president to face genocide charges  bolivia  the guardian,glenn greenwald: obama justice officials have all but granted asylum to snchez de lozada  a puppet who payrolled key democratic advisers,www.theguardian.com,rt go sz la americas refusal extradited bolivia sex president face genocide charges g greenwald americas refusal extradited bolivia sex president face genocide charges bolivia guardian glenn greenwald obama justice officials granted asylum sn chez de load puppet pay rolled key democratic advisers
41,444,244908092712685568,2012-09-09 21:20:14,RT @sugarscape: Demi Lovato spat on Simon Cowell during X Factor USA audition. LOVELY. http://t.co/rX7LgDbk,"<a href=""http://twitter.com/download/iphone"" rel=""nofollow"">Twitter for iPhone</a>",retweet,244907173216407553,2.4490717321640755e+17,,0,16,0,,http://on.sugarsca.pe/TEkoDJ|http://on.sugarsca.pe/TEkoDJ,http://on.sugarsca.pe/TEkoDJ,Caitlyn_Mari333,616505332,16510838,186,361,0,Sat Jun 23 21:42:53 +0000 2012,0,False,3984,https://www.cosmopolitan.com/uk/,cosmopolitan uk the womens magazine for fashion beauty sex tips and celebrity news,,www.cosmopolitan.com,rt sugars cape demi lovato spat simon powell factor usa audition lovely cosmopolitan uk womens magazine fashion beauty sex tips celebrity news
42,461,244908110328758272,2012-09-09 21:20:18,Americas refusal to extradite Bolivias ex-president to face genocide charges  Glenn Greenwald http://t.co/PzkiClfO,"<a href=""http://twitter.com/tweetbutton"" rel=""nofollow"">Tweet Button</a>",tweet,244908110328758272,,,0,0,0,,http://gu.com/p/3aadx/tw,http://gu.com/p/3aadx/tw,DPWF0,77809126,,652,1960,30,Sun Sep 27 19:19:25 +0000 2009,0,False,13155,https://www.theguardian.com/commentisfree/2012/sep/09/america-refusal-extradite-bolivia?CMP=twt_gu,americas refusal to extradite bolivias ex-president to face genocide charges  bolivia  the guardian,glenn greenwald: obama justice officials have all but granted asylum to snchez de lozada  a puppet who payrolled key democratic advisers,www.theguardian.com,americas refusal extradited bolivia sex president face genocide charges glenn greenwald americas refusal extradited bolivia sex president face genocide charges bolivia guardian glenn greenwald obama justice officials granted asylum sn chez de load puppet pay rolled key democratic advisers
43,475,244908125889642497,2012-09-09 21:20:22,RT @TruthIsMyAgenda: Obama says adding $4 trillion to debt is unpatriotic http://t.co/W8BrxTgd @barackobama @davidaxelrod #tcot #resist4 ...,"<a href=""http://twitter.com/download/iphone"" rel=""nofollow"">Twitter for iPhone</a>",retweet,244907336622280704,2.449073366222807e+17,,0,1,0,tcot|resist44|p2,http://goo.gl/MEDB3|http://goo.gl/MEDB3,http://goo.gl/MEDB3,tigrit,60150436,246008978|813286|244655353,229,674,1,Sat Jul 25 21:11:01 +0000 2009,0,False,421,https://www.youtube.com/watch?v=R8FcVrehkpo,obama says adding $4 trillion to debt is unpatriotic - youtube,on july 3 2008 -- the day before independence day -- barack obama said that adding $4 trillion in debt was irresponsible and unpatriotic obama: the proble,www.youtube.com,rt truth agenda obama says adding four trillion debt patriotic barack obama david axelrod to resist4obamasaysadding4 trillion debt patriotic tubeonjuly32008 day independence day barack obama said adding four trillion debt irresponsible patriotic obama problem
44,478,244908128674648064,2012-09-09 21:20:22,RT @d_seaman: This is one of the most important videos on YouTube: http://t.co/zfr5voQT - Obama trying to defend #NDAA imprisonment with ...,"<a href=""http://twitter.com/download/android"" rel=""nofollow"">Twitter for Android</a>",retweet,244898029927268352,2.4489802992726835e+17,,0,25,0,NDAA,http://www.youtube.com/watch?v=ceobsac7LE8|http://www.youtube.com/watch?v=ceobsac7LE8,http://www.youtube.com/watch?v=ceobsac7LE8,mindnovelty,244146542,438829074,1624,1735,44,Fri Jan 28 16:31:56 +0000 2011,0,False,2909,https://www.youtube.com/watch?v=ceobsac7LE8,ben swann interviews president obama (ndaa kill list syria afghanistan) - youtube,click to tweet: http://clicktotweetcom/cjim6 ben swann of fox19 interviews president barack obama on ndaa indefinite detention the presidential kill list,www.youtube.com,red seaman one important videos youtube obama trying defend ncaa imprisonment ben swan interviews president ob amanda kill list syria afghanistan youtube click tweetbenswannoffox19 interviews president barack obama ncaa indefinite detention presidential kill list
45,490,244908143325347840,2012-09-09 21:20:26,RT @sugarscape: Demi Lovato spat on Simon Cowell during X Factor USA audition. LOVELY. http://t.co/rX7LgDbk,"<a href=""http://blackberry.com/twitter"" rel=""nofollow"">Twitter for BlackBerry®</a>",retweet,244907173216407553,2.4490717321640755e+17,,0,17,0,,http://on.sugarsca.pe/TEkoDJ|http://on.sugarsca.pe/TEkoDJ,http://on.sugarsca.pe/TEkoDJ,Ma_Guiselle,274291178,16510838,205,209,0,Wed Mar 30 02:39:32 +0000 2011,0,False,4221,https://www.cosmopolitan.com/uk/,cosmopolitan uk the womens magazine for fashion beauty sex tips and celebrity news,,www.cosmopolitan.com,rt sugars cape demi lovato spat simon powell factor usa audition lovely cosmopolitan uk womens magazine fashion beauty sex tips celebrity news
46,494,244908147838423041,2012-09-09 21:20:27,RT @0n0dekita: http://t.co/YpSE2pj9,"<a href=""http://tppbot.jp"" rel=""nofollow"">nukebot</a>",retweet,244906816071430144,2.449068160714301e+17,,0,2,0,,http://www.cnn.co.jp/usa/35021385.html|http://www.cnn.co.jp/usa/35021385.html,http://www.cnn.co.jp/usa/35021385.html,nukebot,296031026,484403228,607,1,42,Tue May 10 02:35:47 +0000 2011,0,False,40355,https://www.cnn.co.jp/usa/35021385.html,cnncojp : ,,www.cnn.co.jp,rt0n0dekitacnncojp
47,495,244908148882800640,2012-09-09 21:20:27,RT @NEWTPOTUS: Anti-Obama 2016 Now Second Biggest Documentary in Film History http://t.co/6DqRqmIJ #tcot #breitbart,"<a href=""http://twitter.com/download/iphone"" rel=""nofollow"">Twitter for iPhone</a>",retweet,244798633675993089,2.447986336759931e+17,,0,14,0,tcot|breitbart,http://bit.ly/Rss4d1|http://bit.ly/Rss4d1,http://bit.ly/Rss4d1,sigr,21324543,446433798,2066,2069,53,Thu Feb 19 18:28:18 +0000 2009,0,False,1285,https://www.breitbart.com/entertainment/2012/09/09/2016-second-biggest-doc/,anti-obama 2016 now second biggest political documentary in film history,2016: obamas america is now the second biggest documentary feature of all time trailing only fahrenheit 9/11 on the all-time box office list,www.breitbart.com,rtnewtpotusantiobama2016 second biggest documentary film history to tbreitbartantiobama2016 second biggest political documentary film history 2016obamas america second biggest documentary feature time trailing fahrenheit nine hundred and eleven time box office list
48,500,244908155111350272,2012-09-09 21:20:29,RT @NHC_Atlantic: Hurricane #Michael advisory 27 issued. #Michael moving slowly westward   maintaining a large-sized eye. http://t.co/ ...,"<a href=""http://twitter.com/download/iphone"" rel=""nofollow"">Twitter for iPhone</a>",retweet,244896284870336513,2.448962848703365e+17,,0,13,0,Michael|Michael,http://t.co/|http://go.usa.gov/W3H,http://go.usa.gov/W3H,BeachcomberNC,90597940,299798272,69,238,3,Tue Nov 17 09:42:02 +0000 2009,0,False,3684,https://www.nhc.noaa.gov/cyclones/,nhc active tropical cyclones,,www.nhc.noaa.gov,run hc atlantic hurricane michael advisory twenty-seven issued michael moving slowly westward maintaining large sized eye nh active tropical cyclone
49,522,244908176074481664,2012-09-09 21:20:34,RT @EMILIOTHEWAY: @BarackObama - Last year President Bartlett and I went to VT. Mr. President you can do it too http://t.co/clEKA9xk  ...,"<a href=""http://twitter.com/download/android"" rel=""nofollow"">Twitter for Android</a>",retweet,244667501575798785,2.446675015757988e+17,,0,185,0,Obama2VT,http://youtube.com/watch?v=w8DNR-rWKyE|http://youtube.com/watch?v=w8DNR-rWKyE,http://youtube.com/watch?v=w8DNR-rWKyE,blakeduncan1,256067726,261445178|813286,235,213,0,Tue Feb 22 15:56:57 +0000 2011,0,False,640,https://www.youtube.com/watch?v=w8DNR-rWKyE,john boyer & his world regions class at virginia tech request president barack obama to visit - youtube,professor john boyer and his 3000 person world regions class at virginia tech request president barack obama to come to his class and discuss american foreig,www.youtube.com,rt emily way barack obama last year president barrett went vt mr president john boxer world regions class virginia tech request president barack obama visit youtube professor john boxer three thousand person world regions class virginia tech request president barack obama come class discuss american big
50,533,244908183703916544,2012-09-09 21:20:35,RT @zzzbam1: RT @LOLGOP: RT @Lizardoid: Flabbergasted Rand Paul Learns Public Employment Decreased Under Obama http://t.co/78Ea0jYb,web,retweet,244907055339692032,2.4490705533969203e+17,,0,3,0,,http://lgf.bz/Tz4USU|http://lgf.bz/Tz4USU,http://lgf.bz/Tz4USU,stiNgo100,305614280,263688745|11866582|21785215,2070,1994,86,Thu May 26 14:27:00 +0000 2011,0,False,54424,http://littlegreenfootballs.com/page/284605_Flabbergasted_Rand_Paul_Learns,flabbergasted rand paul learns public employment decreased under obama - lgf pages,full article and video at link thinkprogressorg one of the least appreciated but easily-confirmed facts about the current state of the american economy is that the number of americans employed by the government has gone down under president obama but ,littlegreenfootballs.com,rtzzzbam1rtlolgoprt lizard id flabbergasted rand paul learns public employment decreased obama flabbergasted rand paul learns public employment decreased obama gf pages full article video link thinkprogress org one least appreciated easily confirmed facts current state american economy number americans employed government gone president obama
51,549,244908204994228224,2012-09-09 21:20:40,RT @kgosztola: Americas refusal to extradite Bolivias ex-president to face genocide charges http://t.co/AWZ1dcki by @ggreenwald,"<a href=""http://www.tweetdeck.com"" rel=""nofollow"">TweetDeck</a>",retweet,244907902031241216,2.449079020312412e+17,,0,3,0,,http://bit.ly/Pfoy3W|http://bit.ly/Pfoy3W,http://bit.ly/Pfoy3W,sobpax,46980705,15808218|16076032,82,715,0,Sat Jun 13 22:50:22 +0000 2009,0,False,3206,https://www.theguardian.com/commentisfree/2012/sep/09/america-refusal-extradite-bolivia,americas refusal to extradite bolivias ex-president to face genocide charges  bolivia  the guardian,glenn greenwald: obama justice officials have all but granted asylum to snchez de lozada  a puppet who payrolled key democratic advisers,www.theguardian.com,rt go sz la americas refusal extradited bolivia sex president face genocide charges g greenwald americas refusal extradited bolivia sex president face genocide charges bolivia guardian glenn greenwald obama justice officials granted asylum sn chez de load puppet pay rolled key democratic advisers
52,558,244908221402324992,2012-09-09 21:20:44,RT @KristiNoem: Obama Admin is missing transparency deadline. RT if you agree the Admin should follow the law. http://t.co/9dfP0VWO #sdgop,web,retweet,244503695901982721,2.4450369590198272e+17,,0,14,0,sdgop,http://tinyurl.com/cbht3mr|http://tinyurl.com/cbht3mr,http://tinyurl.com/cbht3mr,a_tweet_life,323439149,114388293,1629,2001,64,Fri Jun 24 20:45:42 +0000 2011,0,False,9208,https://thehill.com/policy/finance/248213-white-house-will-miss-fiscal-cliff-deadline,white house to miss deadline for report on fiscal cliff budget cuts  thehill,sen john thune blasted the delay saying the obama administration seems to think it is above the law,thehill.com,rt kristen oem obama admin missing transparency deadline rt agree admin follow laws gop whitehouse miss deadline report fiscal cliff budget cuts hills en john thune blasted delay saying obama administration seems think law
53,559,244908222027288577,2012-09-09 21:20:44,Michael Savage: How Obama fixed 2012 election: http://t.co/UpLFHN6o via @youtube WHY BHO IS CONFIDENT HE WILL WIN-SOROS COUNTS VOTES #TCOT,web,tweet,244908222027288577,,,0,0,0,TCOT,http://youtu.be/dmJtaOO2etc,http://youtu.be/dmJtaOO2etc,PrezHussain,246474974,10228272,525,1417,16,Wed Feb 02 21:18:54 +0000 2011,0,False,7145,https://www.youtube.com/watch?v=dmJtaOO2etc&feature=youtu.be,michael savage: how obama fixed 2012 election - youtube,michael savage: why obama is confidend of election outcome? obama ensured his re-election aired 4/4/2012,www.youtube.com,michael savage howobamafixed2012 election via youtube bho confident win sorts counts votes cot michael savage howobamafixed2012 election youtube michael savage obama config end election outcome obama ensured reelection aired442012
54,575,244908244403900416,2012-09-09 21:20:50,RT @d_seaman: Also scary: Fox19 anchor Ben Swann asked Obama about his secret kill list which includes US citizens- http://t.co/dFLMsaUF,"<a href=""http://twitter.com/download/android"" rel=""nofollow"">Twitter for Android</a>",retweet,244899914969120768,2.448999149691208e+17,,0,21,0,,http://www.youtube.com/watch?v=Q6QPvk5cgx8|http://www.youtube.com/watch?v=Q6QPvk5cgx8,http://www.youtube.com/watch?v=Q6QPvk5cgx8,mindnovelty,244146542,438829074,1624,1735,44,Fri Jan 28 16:31:56 +0000 2011,0,False,2910,https://www.youtube.com/watch?v=Q6QPvk5cgx8,reality check pres obama 1-on-1: how does he justify having a kill list? - youtube,click to tweet: http://clicktotweetcom/u38fu president barack obama spent his labor day in toledo ohio as part of this visit to the buckeye state ben was,www.youtube.com,rtdseamanalsoscaryfox19 anchor ben swan asked obama secret kill list includes us citizens reality check presobama1on1 justify kill list youtube click tweet president barack obama spent labor day toledo ohio part visit bucket state ben
55,601,244908282744025088,2012-09-09 21:20:59,RT @Alarrowe: @CNN Virginia Tech is serious about getting President Obama on campus. Check out the video http://t.co/10V858Dr  #Obama2V ...,web,retweet,244880906052063232,2.4488090605206323e+17,,0,1,0,Obama2VT|wrvt,http://www.youtube.com/watch?v=w8DNR-rWKyE|http://www.youtube.com/watch?v=w8DNR-rWKyE,http://www.youtube.com/watch?v=w8DNR-rWKyE,Airr_N,338097832,45726971|759251,227,107,1,Tue Jul 19 02:34:35 +0000 2011,0,False,5174,https://www.youtube.com/watch?v=w8DNR-rWKyE,john boyer & his world regions class at virginia tech request president barack obama to visit - youtube,professor john boyer and his 3000 person world regions class at virginia tech request president barack obama to come to his class and discuss american foreig,www.youtube.com,rt al arrow cnn virginia tech serious getting president obama campus check video obama2vjohnboyerhis world regions class virginia tech request president barack obama visit youtube professor john boxer three thousand person world regions class virginia tech request president barack obama come class discuss american big
56,616,244908305221316609,2012-09-09 21:21:04,RT @marabout40: Pizza Shop Owner Gives President A Big Hug http://t.co/qR8UdWwx WTH is Joe doing?? LOL Look at the guys faces LMBO,"<a href=""http://mobile.twitter.com"" rel=""nofollow"">Mobile Web</a>",retweet,244906240948465664,2.4490624094846566e+17,,0,2,0,,http://www.buzzfeed.com/andrewkaczynski/air-obama-pizza-shop-owner-gives-president-a-big|http://www.buzzfeed.com/andrewkaczynski/air-obama-pizza-shop-owner-gives-president-a-big,http://www.buzzfeed.com/andrewkaczynski/air-obama-pizza-shop-owner-gives-president-a-big,dihoppy,22822556,37048835,637,996,13,Wed Mar 04 19:44:33 +0000 2009,0,False,26456,https://www.buzzfeednews.com/article/andrewkaczynski/air-obama-pizza-shop-owner-gives-president-a-big,pizza shop owner gives president a big hug,scott van duzer owner of the big apple pizza showed his affection for the president today in florida,www.buzzfeednews.com,rtmarabout40 pizza shop owner gives president big hug w joe lol look guys faces lb pizza shop owner gives president big hug scott van user owner big apple pizza showed affection president today florida
57,618,244908307968581632,2012-09-09 21:21:05,RT @d_seaman: Also scary: Fox19 anchor Ben Swann asked Obama about his secret kill list which includes US citizens- http://t.co/dFLMsaUF,"<a href=""http://twitter.com/download/iphone"" rel=""nofollow"">Twitter for iPhone</a>",retweet,244899914969120768,2.448999149691208e+17,,0,22,0,,http://www.youtube.com/watch?v=Q6QPvk5cgx8|http://www.youtube.com/watch?v=Q6QPvk5cgx8,http://www.youtube.com/watch?v=Q6QPvk5cgx8,WorleyMark,104306253,438829074,139,507,4,Tue Jan 12 23:27:06 +0000 2010,0,False,928,https://www.youtube.com/watch?v=Q6QPvk5cgx8,reality check pres obama 1-on-1: how does he justify having a kill list? - youtube,click to tweet: http://clicktotweetcom/u38fu president barack obama spent his labor day in toledo ohio as part of this visit to the buckeye state ben was,www.youtube.com,rtdseamanalsoscaryfox19 anchor ben swan asked obama secret kill list includes us citizens reality check presobama1on1 justify kill list youtube click tweet president barack obama spent labor day toledo ohio part visit bucket state ben
58,678,244908376893575168,2012-09-09 21:21:21,RT @sugarscape: Demi Lovato spat on Simon Cowell during X Factor USA audition. LOVELY. http://t.co/rX7LgDbk,"<a href=""http://twitter.com/download/iphone"" rel=""nofollow"">Twitter for iPhone</a>",retweet,244907173216407553,2.4490717321640755e+17,,0,18,0,,http://on.sugarsca.pe/TEkoDJ|http://on.sugarsca.pe/TEkoDJ,http://on.sugarsca.pe/TEkoDJ,PayneInMyPenis,603338030,16510838,59,156,0,Sat Jun 09 05:31:48 +0000 2012,0,False,103,https://www.cosmopolitan.com/uk/,cosmopolitan uk the womens magazine for fashion beauty sex tips and celebrity news,,www.cosmopolitan.com,rt sugars cape demi lovato spat simon powell factor usa audition lovely cosmopolitan uk womens magazine fashion beauty sex tips celebrity news
59,686,244908385554812929,2012-09-09 21:21:23,RT @sugarscape: Demi Lovato spat on Simon Cowell during X Factor USA audition. LOVELY. http://t.co/rX7LgDbk,"<a href=""http://twitter.com/download/iphone"" rel=""nofollow"">Twitter for iPhone</a>",retweet,244907173216407553,2.4490717321640755e+17,,0,19,0,,http://on.sugarsca.pe/TEkoDJ|http://on.sugarsca.pe/TEkoDJ,http://on.sugarsca.pe/TEkoDJ,rachellecast1,340721322,16510838,144,642,0,Sat Jul 23 04:37:34 +0000 2011,0,False,2925,https://www.cosmopolitan.com/uk/,cosmopolitan uk the womens magazine for fashion beauty sex tips and celebrity news,,www.cosmopolitan.com,rt sugars cape demi lovato spat simon powell factor usa audition lovely cosmopolitan uk womens magazine fashion beauty sex tips celebrity news
60,695,244908400989847554,2012-09-09 21:21:27,RT @csread61: Its awesome @BarackObama - GO John Boyer &amp his World Regions class at Virginia Tech request President ...: http://t. ...,"<a href=""http://twitter.com/download/android"" rel=""nofollow"">Twitter for Android</a>",retweet,244863983738294274,2.4486398373829427e+17,,0,4,0,Hokies,http://youtu.be/w8DNR-rWKyE,http://youtu.be/w8DNR-rWKyE,kevinwalke,96067789,15679679|813286,17,4,0,Fri Dec 11 05:49:17 +0000 2009,0,False,89,https://www.youtube.com/watch?v=w8DNR-rWKyE&feature=youtu.be,john boyer & his world regions class at virginia tech request president barack obama to visit - youtube,professor john boyer and his 3000 person world regions class at virginia tech request president barack obama to come to his class and discuss american foreig,www.youtube.com,rtcsread61its awesome barack obama go john boxer amp world regions class virginia tech request president john boxer world regions class virginia tech request president barack obama visit youtube professor john boxer three thousand person world regions class virginia tech request president barack obama come class discuss american big
61,702,244908413866352640,2012-09-09 21:21:30,This is how to hug http://t.co/fUpcmsty,web,tweet,244908413866352640,,,0,0,0,,http://gawker.com/5941727/this-is-a-photo-of-the-president-being-lifted-in-the-air-by-a-powerful-hug,http://gawker.com/5941727/this-is-a-photo-of-the-president-being-lifted-in-the-air-by-a-powerful-hug,BrockworthBajr,395263528,,199,146,2,Fri Oct 21 11:55:02 +0000 2011,0,False,7343,https://gawker.com/5941727/this-is-a-photo-of-the-president-being-lifted-in-the-air-by-a-powerful-hug,this is a photo of the president being lifted in the air by a powerful hug (updated),doug mills of the new york times tweeted this photo of barack obama getting lifted in the air by big apple pizza owner (and bear hug enthusiast) scott van duzer,gawker.com,hug photo president lifted air powerful hug updated doug mills new york times tweet ed photo barack obama getting lifted air big apple pizza owner bear hug enthusiast scott van user
62,703,244908414147371008,2012-09-09 21:21:30,A biker on @SwannyDPM s lap? I dont think so. Great photos from US via @leighsales @buzzfeedandrew http://t.co/MgcYTV4H,"<a href=""http://twitter.com/download/iphone"" rel=""nofollow"">Twitter for iPhone</a>",tweet,244908414147371008,,,0,0,0,,http://www.buzzfeed.com/andrewkaczynski/air-obama-pizza-shop-owner-gives-president-a-big,http://www.buzzfeed.com/andrewkaczynski/air-obama-pizza-shop-owner-gives-president-a-big,JenBrockie,478068056,267570919|26607837|326255267,4712,614,82,Sun Jan 29 21:36:22 +0000 2012,0,False,3068,https://www.buzzfeednews.com/article/andrewkaczynski/air-obama-pizza-shop-owner-gives-president-a-big,pizza shop owner gives president a big hug,scott van duzer owner of the big apple pizza showed his affection for the president today in florida,www.buzzfeednews.com,biker sandy pm slap think great photos us via leigh sales buzz feed andrew pizza shop owner gives president big hug scott van user owner big apple pizza showed affection president today florida
63,709,244908423265779712,2012-09-09 21:21:32,RT @kgosztola: Americas refusal to extradite Bolivias ex-president to face genocide charges http://t.co/AWZ1dcki by @ggreenwald,"<a href=""http://blackberry.com/twitter"" rel=""nofollow"">Twitter for BlackBerry®</a>",retweet,244907902031241216,2.449079020312412e+17,,0,4,0,,http://bit.ly/Pfoy3W|http://bit.ly/Pfoy3W,http://bit.ly/Pfoy3W,subverzo,18350235,15808218|16076032,3010,3098,126,Wed Dec 24 04:01:05 +0000 2008,0,False,30248,https://www.theguardian.com/commentisfree/2012/sep/09/america-refusal-extradite-bolivia,americas refusal to extradite bolivias ex-president to face genocide charges  bolivia  the guardian,glenn greenwald: obama justice officials have all but granted asylum to snchez de lozada  a puppet who payrolled key democratic advisers,www.theguardian.com,rt go sz la americas refusal extradited bolivia sex president face genocide charges g greenwald americas refusal extradited bolivia sex president face genocide charges bolivia guardian glenn greenwald obama justice officials granted asylum sn chez de load puppet pay rolled key democratic advisers
64,714,244908431859908608,2012-09-09 21:21:34,RT @mrbenjaminlaw: Well this Republican loves Obama so bad he lifts him off the floor in a bear hug. Rad photo.  http://t.co/8OHMmTGl  ...,"<a href=""http://twitter.com/download/iphone"" rel=""nofollow"">Twitter for iPhone</a>",retweet,244903973495128065,2.4490397349512806e+17,,0,1,0,,http://www.buzzfeed.com/andrewkaczynski/air-obama-pizza-shop-owner-gives-president-a-big|http://www.buzzfeed.com/andrewkaczynski/air-obama-pizza-shop-owner-gives-president-a-big,http://www.buzzfeed.com/andrewkaczynski/air-obama-pizza-shop-owner-gives-president-a-big,alicia_wood,15900849,41088384|26607837,1599,522,61,Tue Aug 19 05:01:06 +0000 2008,0,False,3318,https://www.buzzfeednews.com/article/andrewkaczynski/air-obama-pizza-shop-owner-gives-president-a-big,pizza shop owner gives president a big hug,scott van duzer owner of the big apple pizza showed his affection for the president today in florida,www.buzzfeednews.com,rt mr benjamin law well republican loves obama bad lifts floor bear hu grad photo pizza shop owner gives president big hug scott van user owner big apple pizza showed affection president today florida
65,725,244908444358950912,2012-09-09 21:21:37,RT @wld1: The Van Duzer Foundation is well-represented by Scott Van Duzer - Obama Gets a Lift on the Trail http://t.co/bhMlK4NC,web,retweet,244907517363253248,2.4490751736325325e+17,,0,1,0,,http://nyti.ms/QxoFHD|http://nyti.ms/QxoFHD,http://nyti.ms/QxoFHD,art2u2,47677431,33110127,2411,1809,181,Tue Jun 16 17:06:33 +0000 2009,0,False,61057,https://thecaucus.blogs.nytimes.com/2012/09/09/obama-gets-a-lift-on-the-trail/?smid=tw-share,obama gets a lift on the trail - the new york times,an republican obama supporter throws his muscle around with the president,thecaucus.blogs.nytimes.com,told1thevanduzer foundation well represented scott van user obama gets lift trail obama gets lift trail new york times republican obama supporter throws muscle around president
66,750,244908489820999681,2012-09-09 21:21:48,Garoto de 5 anos vira prodgio da sinuca e usa at irmozinho para fazer truques assista http://t.co/0vIyalED via @UOLEsporte,"<a href=""http://twitter.com/tweetbutton"" rel=""nofollow"">Tweet Button</a>",tweet,244908489820999681,,,0,0,0,,http://uolesporte.blogosfera.uol.com.br/2012/09/09/garoto-de-5-anos-vira-prodigio-da-sinuca-e-usa-ate-irmaozinho-para-fazer-truques-assista/,http://uolesporte.blogosfera.uol.com.br/2012/09/09/garoto-de-5-anos-vira-prodigio-da-sinuca-e-usa-ate-irmaozinho-para-fazer-truques-assista/,Bedranzinho,73874157,14595245,14,35,0,Sun Sep 13 12:33:56 +0000 2009,0,False,272,https://uolesporte.blogosfera.uol.com.br/2012/09/09/garoto-de-5-anos-vira-prodigio-da-sinuca-e-usa-ate-irmaozinho-para-fazer-truques-assista/,garoto de 5 anos vira prodgio da sinuca e usa at irmozinho para fazer truques assista - uol esporte,veja resultados notcias entrevistas fotos vdeos e os bastidores do esporte acompanhe ao vivo os principais eventos esportivos no brasil e do mundo,uolesporte.blogosfera.uol.com.br,proto de5anosviraprodgiodasinu caeusaatirmozinhoparafaz ertruquesassistaviauole sport egarotode5anosviraprodgi odasinucaeusaatirmozinho para after tru ques assist url esporte veja resultados cias entrevista fotos videos eos last does porte company head vivo os principals eventos e sportive no brasil mundo
67,759,244908501510529026,2012-09-09 21:21:51,RT @eportlow: Oops Did I Say Something Else Befor?: Romney says he wont cut taxes on wealthy Americans   http://t.co/JEZhqbMs via @Y ...,"<a href=""http://twitter.com/download/android"" rel=""nofollow"">Twitter for Android</a>",retweet,244901009170776066,2.4490100917077606e+17,,0,2,0,,http://news.yahoo.com/blogs/ticket/romney-says-won-t-cut-taxes-wealthy-americans-144438996--election.html|http://news.yahoo.com/blogs/ticket/romney-says-won-t-cut-taxes-wealthy-americans-144438996--election.html,http://news.yahoo.com/blogs/ticket/romney-says-won-t-cut-taxes-wealthy-americans-144438996--election.html,ChuckNaven,467364536,366696485|7309052,199,226,6,Wed Jan 18 11:42:58 +0000 2012,0,False,7065,https://news.yahoo.com/blogs/ticket/romney-says-won-t-cut-taxes-wealthy-americans-144438996--election.html,romney says he wont cut taxes on wealthy americans,mitt romney rejected claims by president barack obama that he would sign off on more tax breaks for the wealthy if elected president but again declined to offer specifics on how exactly he would accomplish his goal of lowering taxes for other americans while also balancing the budget in an interview with nbcs meet the [],news.yahoo.com,rte port low oops say something else romney says cut taxes wealthy americans via romney says cut taxes wealthy americans mitt romney rejected claims president barack obama would sign tax breaks wealthy elected president declined offer specifics exactly would accomplish goal lowering taxes americans also balancing budget interview nbc meet
68,774,244908530304442369,2012-09-09 21:21:58,Barack #Obama bromea en #Florida sobre el tema de su certificado de nacimiento. http://t.co/7l80AadT,"<a href=""http://twitter.com/download/iphone"" rel=""nofollow"">Twitter for iPhone</a>",tweet,244908530304442369,,,0,0,0,Obama|Florida,http://bit.ly/PfG206,http://bit.ly/PfG206,RogerMatthei,544964877,,925,1977,1,Wed Apr 04 06:03:00 +0000 2012,0,False,4229,https://cnnespanol.cnn.com/2012/09/09/obama-le-pregunta-a-un-nino-hawaiano-tienes-un-certificado-de-nacimiento/,obama le pregunta a un nio hawaiano: tienes un certificado de nacimiento?  cnn,(cnn) qu hace el presidente de estados unidos barack obama cuando se encuentra con otra persona nacida en hawi? le pide su certificado de nacimiento  estados unidos  cnn,cnnespanol.cnn.com,barack obama broke en florida sobre el tema de su certificate de nacimiento obama le presenta aunniohawaianotienesun certificate de nacimiento cnncnnquhaceel presidente de estados undo barack obama undo se encuesta co r person anacidaenhawilepidesu certificate de nacimiento estados undo cnn
69,778,244908539510935553,2012-09-09 21:22:00,Leslie could impact NE USA @NHC_Atlantic Tropical Storm #Leslie moving slowly past bermuda  http://t.co/e2jAyCpm,"<a href=""http://twitter.com/download/iphone"" rel=""nofollow"">Twitter for iPhone</a>",tweet,244908539510935553,,,0,0,0,Leslie,http://go.usa.gov/W3H,http://go.usa.gov/W3H,PatParag,156067653,299798272,11,117,0,Tue Jun 15 23:06:28 +0000 2010,0,False,1220,https://www.nhc.noaa.gov/cyclones/,nhc active tropical cyclones,,www.nhc.noaa.gov,leslie could impact ne usa nh atlantic tropical storm leslie moving slowly past bermuda nh active tropical cyclone
70,779,244908539276054528,2012-09-09 21:22:00,RT @d_seaman: This is one of the most important videos on YouTube: http://t.co/zfr5voQT - Obama trying to defend #NDAA imprisonment with ...,"<a href=""http://twitter.com/download/iphone"" rel=""nofollow"">Twitter for iPhone</a>",retweet,244898029927268352,2.4489802992726835e+17,,0,27,0,NDAA,http://www.youtube.com/watch?v=ceobsac7LE8|http://www.youtube.com/watch?v=ceobsac7LE8,http://www.youtube.com/watch?v=ceobsac7LE8,Andy_Marg,441334301,438829074,21,113,0,Tue Dec 20 00:18:55 +0000 2011,0,False,479,https://www.youtube.com/watch?v=ceobsac7LE8,ben swann interviews president obama (ndaa kill list syria afghanistan) - youtube,click to tweet: http://clicktotweetcom/cjim6 ben swann of fox19 interviews president barack obama on ndaa indefinite detention the presidential kill list,www.youtube.com,red seaman one important videos youtube obama trying defend ncaa imprisonment ben swan interviews president ob amanda kill list syria afghanistan youtube click tweetbenswannoffox19 interviews president barack obama ncaa indefinite detention presidential kill list
71,782,244908540458827776,2012-09-09 21:22:00,@sugarscape: Demi Lovato spat on Simon Cowell during X Factor USA audition. LOVELY. http://t.co/z35rE0zg @NiallOfficial,"<a href=""http://twitter.com/download/iphone"" rel=""nofollow"">Twitter for iPhone</a>",tweet,244908540458827776,,,0,0,0,,http://on.sugarsca.pe/TEkoDJ,http://on.sugarsca.pe/TEkoDJ,Caitlyn_Mari333,616505332,16510838|105119490,186,361,0,Sat Jun 23 21:42:53 +0000 2012,0,False,3984,https://www.cosmopolitan.com/uk/,cosmopolitan uk the womens magazine for fashion beauty sex tips and celebrity news,,www.cosmopolitan.com,sugars cape demi lovato spat simon powell factor usa audition lovely small official cosmopolitan uk womens magazine fashion beauty sex tips celebrity news
72,784,244908545529761792,2012-09-09 21:22:02,@sugarscape: Demi Lovato spat on Simon Cowell during X Factor USA audition. LOVELY. http://t.co/Yjybwmgg I like demo lovato,"<a href=""http://twitter.com/download/iphone"" rel=""nofollow"">Twitter for iPhone</a>",tweet,244908545529761792,,,0,0,0,,http://on.sugarsca.pe/TEkoDJ,http://on.sugarsca.pe/TEkoDJ,Arden_Stylinson,342916254,16510838,180,203,0,Tue Jul 26 19:45:05 +0000 2011,0,False,11385,https://www.cosmopolitan.com/uk/,cosmopolitan uk the womens magazine for fashion beauty sex tips and celebrity news,,www.cosmopolitan.com,sugars cape demi lovato spat simon powell factor usa audition lovely like demo lovato cosmopolitan uk womens magazine fashion beauty sex tips celebrity news
73,787,244908547241041920,2012-09-09 21:22:02,RT @sugarscape: Demi Lovato spat on Simon Cowell during X Factor USA audition. LOVELY. http://t.co/rX7LgDbk,"<a href=""http://twitter.com/download/iphone"" rel=""nofollow"">Twitter for iPhone</a>",retweet,244907173216407553,2.4490717321640755e+17,,0,19,0,,http://on.sugarsca.pe/TEkoDJ|http://on.sugarsca.pe/TEkoDJ,http://on.sugarsca.pe/TEkoDJ,Caitlyn_Mari333,616505332,16510838,186,361,0,Sat Jun 23 21:42:53 +0000 2012,0,False,3985,https://www.cosmopolitan.com/uk/,cosmopolitan uk the womens magazine for fashion beauty sex tips and celebrity news,,www.cosmopolitan.com,rt sugars cape demi lovato spat simon powell factor usa audition lovely cosmopolitan uk womens magazine fashion beauty sex tips celebrity news
74,796,244908554551717891,2012-09-09 21:22:04,RT @sugarscape: Demi Lovato spat on Simon Cowell during X Factor USA audition. LOVELY. http://t.co/rX7LgDbk,"<a href=""http://twitter.com/download/iphone"" rel=""nofollow"">Twitter for iPhone</a>",retweet,244907173216407553,2.4490717321640755e+17,,0,20,0,,http://on.sugarsca.pe/TEkoDJ|http://on.sugarsca.pe/TEkoDJ,http://on.sugarsca.pe/TEkoDJ,Arden_Stylinson,342916254,16510838,180,203,0,Tue Jul 26 19:45:05 +0000 2011,0,False,11386,https://www.cosmopolitan.com/uk/,cosmopolitan uk the womens magazine for fashion beauty sex tips and celebrity news,,www.cosmopolitan.com,rt sugars cape demi lovato spat simon powell factor usa audition lovely cosmopolitan uk womens magazine fashion beauty sex tips celebrity news
75,822,244908590425595904,2012-09-09 21:22:12,RT @JenBrockie: A biker on @SwannyDPM s lap? I dont think so. Great photos from US via @leighsales @buzzfeedandrew http://t.co/MgcYTV4H,"<a href=""http://twitter.com/download/iphone"" rel=""nofollow"">Twitter for iPhone</a>",retweet,244908414147371008,2.44908414147371e+17,,0,1,0,,http://www.buzzfeed.com/andrewkaczynski/air-obama-pizza-shop-owner-gives-president-a-big|http://www.buzzfeed.com/andrewkaczynski/air-obama-pizza-shop-owner-gives-president-a-big,http://www.buzzfeed.com/andrewkaczynski/air-obama-pizza-shop-owner-gives-president-a-big,Orange_salt,350154273,478068056|267570919|26607837|326255267,508,970,9,Sun Aug 07 08:51:02 +0000 2011,0,False,14428,https://www.buzzfeednews.com/article/andrewkaczynski/air-obama-pizza-shop-owner-gives-president-a-big,pizza shop owner gives president a big hug,scott van duzer owner of the big apple pizza showed his affection for the president today in florida,www.buzzfeednews.com,rt jen broke biker sandy pm slap think great photos us via leigh sales buzz feed andrew pizza shop owner gives president big hug scott van user owner big apple pizza showed affection president today florida
76,830,244908602962370561,2012-09-09 21:22:15,RT @sugarscape: Demi Lovato spat on Simon Cowell during X Factor USA audition. LOVELY. http://t.co/rX7LgDbk,"<a href=""http://mobile.twitter.com"" rel=""nofollow"">Mobile Web</a>",retweet,244907173216407553,2.4490717321640755e+17,,0,21,0,,http://on.sugarsca.pe/TEkoDJ|http://on.sugarsca.pe/TEkoDJ,http://on.sugarsca.pe/TEkoDJ,RonBeastly10,138310993,16510838,105,187,0,Thu Apr 29 05:41:30 +0000 2010,0,False,10920,https://www.cosmopolitan.com/uk/,cosmopolitan uk the womens magazine for fashion beauty sex tips and celebrity news,,www.cosmopolitan.com,rt sugars cape demi lovato spat simon powell factor usa audition lovely cosmopolitan uk womens magazine fashion beauty sex tips celebrity news
77,837,244908612818984960,2012-09-09 21:22:18,RT @blogolhar21: #BOMBA RUSSOMANO faz sua ONG de COMIT ELEITORAL: http://t.co/BsaoaUPz #Eleicoes2012 #OTwitterDeveria,"<a href=""http://www.tweetdeck.com"" rel=""nofollow"">TweetDeck</a>",tweet,244908612818984960,,,0,0,0,BOMBA|Eleicoes2012|OTwitterDeveria,http://blogdoparrini.blogspot.com/2012/09/bomba-russomano-usa-sua-ong-para.html?spref=tw,http://blogdoparrini.blogspot.com/2012/09/bomba-russomano-usa-sua-ong-para.html?spref=tw,Parrinix1,479977622,715993778,2868,2918,14,Wed Feb 01 00:17:01 +0000 2012,0,False,883,http://blogdoparrini.blogspot.com/2012/09/bomba-russomano-usa-sua-ong-para.html?spref=tw,#acordabrasil: #bomba russomano usa sua ong para campanha eleitoral,as vezes chegamos at a sermos chatos criticando certos candidatos mas isto se faz necessrio quando sabemos que o cara  um criminoso f,blogdoparrini.blogspot.com,rtblogolhar21bombarussom anofazsuaongdecomiteleit oral eleicoes2012otwitterdeve riaa cord brasil bomb russo mano usasuaongparacampanhaele oral asvezeschegamosatasermos chat os critic one ros candidates masistosefaznecessrioqu osabemosqueocaraumcri minor
78,838,244908613989179396,2012-09-09 21:22:18,RT @Dbargen: Schoen: Obama Is No Bill Clinton #LNYHBT #TCOT http://t.co/vyHzvmSN via @Newsmax_Media,web,retweet,244908024190337024,2.4490802419033702e+17,,0,1,0,LNYHBT|TCOT,http://www.newsmax.com/DougSchoen/Obama-DNC-speech-Clinton/2012/09/07/id/451098|http://www.newsmax.com/DougSchoen/Obama-DNC-speech-Clinton/2012/09/07/id/451098,http://www.newsmax.com/DougSchoen/Obama-DNC-speech-Clinton/2012/09/07/id/451098,ScorpioFred747,349419581,23195603|20545835,290,595,2,Sat Aug 06 02:24:11 +0000 2011,0,False,5609,https://www.newsmax.com/DougSchoen/Obama-DNC-speech-Clinton/2012/09/07/id/451098/,schoen: obama is no bill clinton  newsmaxcom,president obamas speech last night was certainly not the game changer that many expected and hoped that it would be,www.newsmax.com,red barge school obama bill clinton lnyhbttcotvia newman media school obama bill clinton newman com president obama speech last night certainly game changer many expected hoped would
79,841,244908616342200321,2012-09-09 21:22:18,RT @blogolhar21: #BOMBA RUSSOMANO faz sua ONG de COMIT ELEITORAL: http://t.co/WVPZCxsA #Eleicoes2012 #OTwitterDeveria,"<a href=""http://www.tweetdeck.com"" rel=""nofollow"">TweetDeck</a>",tweet,244908616342200321,,,0,0,0,BOMBA|Eleicoes2012|OTwitterDeveria,http://blogdoparrini.blogspot.com/2012/09/bomba-russomano-usa-sua-ong-para.html?spref=tw,http://blogdoparrini.blogspot.com/2012/09/bomba-russomano-usa-sua-ong-para.html?spref=tw,SilKetty,231492329,715993778,4136,4088,60,Tue Dec 28 17:38:43 +0000 2010,0,False,5789,http://blogdoparrini.blogspot.com/2012/09/bomba-russomano-usa-sua-ong-para.html?spref=tw,#acordabrasil: #bomba russomano usa sua ong para campanha eleitoral,as vezes chegamos at a sermos chatos criticando certos candidatos mas isto se faz necessrio quando sabemos que o cara  um criminoso f,blogdoparrini.blogspot.com,rtblogolhar21bombarussom anofazsuaongdecomiteleit oral eleicoes2012otwitterdeve riaa cord brasil bomb russo mano usasuaongparacampanhaele oral asvezeschegamosatasermos chat os critic one ros candidates masistosefaznecessrioqu osabemosqueocaraumcri minor
80,845,244908620142223360,2012-09-09 21:22:19,RT @blogolhar21: #BOMBA RUSSOMANO faz sua ONG de COMIT ELEITORAL: http://t.co/0dcgCqAa #Eleicoes2012 #OTwitterDeveria,"<a href=""http://www.tweetdeck.com"" rel=""nofollow"">TweetDeck</a>",tweet,244908620142223360,,,0,0,0,BOMBA|Eleicoes2012|OTwitterDeveria,http://blogdoparrini.blogspot.com/2012/09/bomba-russomano-usa-sua-ong-para.html?spref=tw,http://blogdoparrini.blogspot.com/2012/09/bomba-russomano-usa-sua-ong-para.html?spref=tw,Blog_comubrasil,178123368,715993778,8472,8331,35,Fri Aug 13 23:05:11 +0000 2010,0,False,4229,http://blogdoparrini.blogspot.com/2012/09/bomba-russomano-usa-sua-ong-para.html?spref=tw,#acordabrasil: #bomba russomano usa sua ong para campanha eleitoral,as vezes chegamos at a sermos chatos criticando certos candidatos mas isto se faz necessrio quando sabemos que o cara  um criminoso f,blogdoparrini.blogspot.com,rtblogolhar21bombarussom anofazsuaongdecomiteleit oral eleicoes2012otwitterdeve riaa cord brasil bomb russo mano usasuaongparacampanhaele oral asvezeschegamosatasermos chat os critic one ros candidates masistosefaznecessrioqu osabemosqueocaraumcri minor
81,848,244908620754608128,2012-09-09 21:22:20,RT @Karoli: Holy shit RT @Chernynkaya: FU LDS Church seriously FU Mormons Baptized Obamas Mother: CONFIRMED http://t.co/UtLq3e7r,"<a href=""http://www.tweetdeck.com"" rel=""nofollow"">TweetDeck</a>",retweet,244900980322365440,2.4490098032236544e+17,,0,14,0,,http://www.theatlantic.com/national/archive/2011/08/california-dreaming-an-end-to-the-wretched-electoral-college/243468/|http://www.theatlantic.com/national/archive/2011/08/california-dreaming-an-end-to-the-wretched-electoral-college/243468/,http://www.theatlantic.com/national/archive/2011/08/california-dreaming-an-end-to-the-wretched-electoral-college/243468/,Y2Kdub,71977281,980611|247378337,349,1042,32,Sun Sep 06 05:50:37 +0000 2009,0,False,4571,https://www.theatlantic.com/national/archive/2011/08/california-dreaming-an-end-to-the-wretched-electoral-college/243468/,california dreaming: an end to the wretched electoral college - the atlantic,the system we have for presidential elections is dangerous and rickety it should be reformed -- very carefully,www.theatlantic.com,rt parole holy shit rtchernynkayafulds church seriously fu mormon baptized obama mother confirmed california dreaming end wretched electoral college atlantic system presidential elections dangerous cricket reformed carefully
82,850,244908623820632064,2012-09-09 21:22:20,RT @blogolhar21: #BOMBA RUSSOMANO faz sua ONG de COMIT ELEITORAL: http://t.co/VZJIC96F #Eleicoes2012 #OTwitterDeveria,"<a href=""http://www.tweetdeck.com"" rel=""nofollow"">TweetDeck</a>",tweet,244908623820632064,,,0,0,0,BOMBA|Eleicoes2012|OTwitterDeveria,http://blogdoparrini.blogspot.com/2012/09/bomba-russomano-usa-sua-ong-para.html?spref=tw,http://blogdoparrini.blogspot.com/2012/09/bomba-russomano-usa-sua-ong-para.html?spref=tw,EnfermeiraFofa,177518740,715993778,13021,12927,256,Thu Aug 12 10:15:34 +0000 2010,0,False,14724,http://blogdoparrini.blogspot.com/2012/09/bomba-russomano-usa-sua-ong-para.html?spref=tw,#acordabrasil: #bomba russomano usa sua ong para campanha eleitoral,as vezes chegamos at a sermos chatos criticando certos candidatos mas isto se faz necessrio quando sabemos que o cara  um criminoso f,blogdoparrini.blogspot.com,rtblogolhar21bombarussom anofazsuaongdecomiteleit oral eleicoes2012otwitterdeve riaa cord brasil bomb russo mano usasuaongparacampanhaele oral asvezeschegamosatasermos chat os critic one ros candidates masistosefaznecessrioqu osabemosqueocaraumcri minor
83,859,244908628937670656,2012-09-09 21:22:21,RT @blogolhar21: #BOMBA RUSSOMANO faz sua ONG de COMIT ELEITORAL: http://t.co/ztRjCzmD #Eleicoes2012 #OTwitterDeveria,"<a href=""http://www.tweetdeck.com"" rel=""nofollow"">TweetDeck</a>",tweet,244908628937670656,,,0,0,0,BOMBA|Eleicoes2012|OTwitterDeveria,http://blogdoparrini.blogspot.com/2012/09/bomba-russomano-usa-sua-ong-para.html?spref=tw,http://blogdoparrini.blogspot.com/2012/09/bomba-russomano-usa-sua-ong-para.html?spref=tw,CappX,84855187,715993778,46788,46392,997,Sat Oct 24 14:05:23 +0000 2009,0,False,62259,http://blogdoparrini.blogspot.com/2012/09/bomba-russomano-usa-sua-ong-para.html?spref=tw,#acordabrasil: #bomba russomano usa sua ong para campanha eleitoral,as vezes chegamos at a sermos chatos criticando certos candidatos mas isto se faz necessrio quando sabemos que o cara  um criminoso f,blogdoparrini.blogspot.com,rtblogolhar21bombarussom anofazsuaongdecomiteleit oral eleicoes2012otwitterdeve riaa cord brasil bomb russo mano usasuaongparacampanhaele oral asvezeschegamosatasermos chat os critic one ros candidates masistosefaznecessrioqu osabemosqueocaraumcri minor
84,866,244908635128471552,2012-09-09 21:22:23,RT @KristiNoem: Obama Admin is missing transparency deadline. RT if you agree the Admin should follow the law. http://t.co/9dfP0VWO #sdgop,web,retweet,244503695901982721,2.4450369590198272e+17,,0,17,0,sdgop,http://tinyurl.com/cbht3mr|http://tinyurl.com/cbht3mr,http://tinyurl.com/cbht3mr,AGoddessZ,727961581,114388293,191,360,1,Tue Jul 31 09:01:33 +0000 2012,0,False,4186,https://thehill.com/policy/finance/248213-white-house-will-miss-fiscal-cliff-deadline,white house to miss deadline for report on fiscal cliff budget cuts  thehill,sen john thune blasted the delay saying the obama administration seems to think it is above the law,thehill.com,rt kristen oem obama admin missing transparency deadline rt agree admin follow laws gop whitehouse miss deadline report fiscal cliff budget cuts hills en john thune blasted delay saying obama administration seems think law
85,890,244908671866400768,2012-09-09 21:22:32,Gingrich: Clintons Endorsement Shrinks Obama http://t.co/YnMFfRhd via @Newsmax_Media,"<a href=""http://twitter.com/tweetbutton"" rel=""nofollow"">Tweet Button</a>",tweet,244908671866400768,,,0,0,0,,http://www.newsmax.com/Newsfront/Gingrich-Clinton-Obama-speech/2012/09/09/id/451190,http://www.newsmax.com/Newsfront/Gingrich-Clinton-Obama-speech/2012/09/09/id/451190,SmallgGay,176909116,20545835,3469,3456,116,Tue Aug 10 19:22:10 +0000 2010,0,False,65466,https://www.newsmax.com/Newsfront/Gingrich-Clinton-Obama-speech/2012/09/09/id/451190/,gingrich: clintons endorsement shrinks obama  newsmaxcom,former house speaker newt gingrich said president barack obama might enjoy a bounce off bill clintons rousing convention speech last week but the lengthy script was eerily anti-obama,www.newsmax.com,gingrich clinton endorsement shrinks obama via newman media gingrich clinton endorsement shrinks obama newman com former house speaker newt gingrich said president barack obama might enjoy bounce bill clinton rousing convention speech last week lengthy script early anti obama
86,898,244908683140661248,2012-09-09 21:22:34,RT @KristiNoem: Obama Admin is missing transparency deadline. RT if you agree the Admin should follow the law. http://t.co/9dfP0VWO #sdgop,"<a href=""http://twitterrific.com"" rel=""nofollow"">Twitterrific</a>",retweet,244503695901982721,2.4450369590198272e+17,,0,17,0,sdgop,http://tinyurl.com/cbht3mr|http://tinyurl.com/cbht3mr,http://tinyurl.com/cbht3mr,fomoco1,19162254,114388293,114,278,0,Sun Jan 18 23:25:12 +0000 2009,0,False,2931,https://thehill.com/policy/finance/248213-white-house-will-miss-fiscal-cliff-deadline,white house to miss deadline for report on fiscal cliff budget cuts  thehill,sen john thune blasted the delay saying the obama administration seems to think it is above the law,thehill.com,rt kristen oem obama admin missing transparency deadline rt agree admin follow laws gop whitehouse miss deadline report fiscal cliff budget cuts hills en john thune blasted delay saying obama administration seems think law
87,916,244908702258323456,2012-09-09 21:22:39,RT @KristiNoem: Obama Admin is missing transparency deadline. RT if you agree the Admin should follow the law. http://t.co/9dfP0VWO #sdgop,"<a href=""http://mobile.twitter.com"" rel=""nofollow"">Mobile Web</a>",retweet,244503695901982721,2.4450369590198272e+17,,0,18,0,sdgop,http://tinyurl.com/cbht3mr|http://tinyurl.com/cbht3mr,http://tinyurl.com/cbht3mr,texasaunt,20517889,114388293,815,1321,10,Tue Feb 10 14:59:10 +0000 2009,0,False,8689,https://thehill.com/policy/finance/248213-white-house-will-miss-fiscal-cliff-deadline,white house to miss deadline for report on fiscal cliff budget cuts  thehill,sen john thune blasted the delay saying the obama administration seems to think it is above the law,thehill.com,rt kristen oem obama admin missing transparency deadline rt agree admin follow laws gop whitehouse miss deadline report fiscal cliff budget cuts hills en john thune blasted delay saying obama administration seems think law
88,922,244908705538273280,2012-09-09 21:22:40,RT @sugarscape: Demi Lovato spat on Simon Cowell during X Factor USA audition. LOVELY. http://t.co/rX7LgDbk,web,retweet,244907173216407553,2.4490717321640755e+17,,0,22,0,,http://on.sugarsca.pe/TEkoDJ|http://on.sugarsca.pe/TEkoDJ,http://on.sugarsca.pe/TEkoDJ,NatyBrache,449378023,16510838,170,179,0,Thu Dec 29 02:03:22 +0000 2011,0,False,5803,https://www.cosmopolitan.com/uk/,cosmopolitan uk the womens magazine for fashion beauty sex tips and celebrity news,,www.cosmopolitan.com,rt sugars cape demi lovato spat simon powell factor usa audition lovely cosmopolitan uk womens magazine fashion beauty sex tips celebrity news
89,926,244908712110739456,2012-09-09 21:22:41,RT @RaqueliCisneros: Real unemployment is at 19%.... can someone tell Obama that? http://t.co/ETd999nW #tcot #teaparty #nobama #romneyry ...,web,retweet,244899833809346561,2.4489983380934656e+17,,0,9,0,tcot|teaparty|nobama|romneyryan2012,http://www.breitbart.com/Big-Government/2012/09/08/Real-Unemployment-Now-19|http://www.breitbart.com/Big-Government/2012/09/08/Real-Unemployment-Now-19,http://www.breitbart.com/Big-Government/2012/09/08/Real-Unemployment-Now-19,exodus_2011,244801695,602940240,537,109,23,Sun Jan 30 04:56:19 +0000 2011,0,False,30429,https://www.breitbart.com/politics/2012/09/08/Real-Unemployment-Now-19/,real unemployment at 19%,beneath the surface of fridays jobs report lies the reality of just how disastrous the obama economy truly isconsider the following 11 economic facts: ,www.breitbart.com,rt sequel cisneros real unemployment t19 someone tell obama to tea party obama romney ry real unemployment at19 beneath surface friday jobs report lies reality disastrous obama economy truly consider following eleven economic facts
90,929,244908716162433024,2012-09-09 21:22:42,@jordanmossBxNN: This IS amazing This is amazing. Pizza shop owner gives president a big hug. http://t.co/2KJUmV6w l @@k: @jrkesq lol,"<a href=""http://twitter.com/download/iphone"" rel=""nofollow"">Twitter for iPhone</a>",tweet,244908716162433024,,,0,0,0,,http://www.buzzfeed.com/andrewkaczynski/air-obama-pizza-shop-owner-gives-president-a-big,http://www.buzzfeed.com/andrewkaczynski/air-obama-pizza-shop-owner-gives-president-a-big,Jogromit,321132579,17331303|18076213,52,105,0,Tue Jun 21 02:29:11 +0000 2011,0,False,1293,https://www.buzzfeednews.com/article/andrewkaczynski/air-obama-pizza-shop-owner-gives-president-a-big,pizza shop owner gives president a big hug,scott van duzer owner of the big apple pizza showed his affection for the president today in florida,www.buzzfeednews.com,jordan moss bx nn amazing amazing pizza shop owner gives president abighuglkjrkesqlol pizza shop owner gives president big hug scott van user owner big apple pizza showed affection president today florida
91,936,244908720151199744,2012-09-09 21:22:43,Punkd dnc convention journalists http://t.co/0q4zhzx9,"<a href=""http://www.tweetdeck.com"" rel=""nofollow"">TweetDeck</a>",tweet,244908720151199744,,,0,0,0,,http://www.mrctv.org/videos/punkd-dnc-convention-visitors-scoff-mrc-goof-journalists-obama-t-shirts,http://www.mrctv.org/videos/punkd-dnc-convention-visitors-scoff-mrc-goof-journalists-obama-t-shirts,GennieWill,551612657,,217,272,4,Thu Apr 12 06:14:49 +0000 2012,0,False,5572,https://www.mrctv.org/videos/punkd-dnc-convention-visitors-scoff-mrc-goof-journalists-obama-t-shirts,punkd: dnc convention visitors scoff up mrc goof journalists for obama t-shirts  mrctv,,www.mrctv.org,punk dnc convention journalists punk dnc convention visitors score mrc go journalists obama shirts mrc tv
92,969,244908752833236992,2012-09-09 21:22:51,RT @sugarscape: Demi Lovato spat on Simon Cowell during X Factor USA audition. LOVELY. http://t.co/rX7LgDbk,"<a href=""http://blackberry.com/twitter"" rel=""nofollow"">Twitter for BlackBerry®</a>",retweet,244907173216407553,2.4490717321640755e+17,,0,23,0,,http://on.sugarsca.pe/TEkoDJ|http://on.sugarsca.pe/TEkoDJ,http://on.sugarsca.pe/TEkoDJ,IndiraAPuspita,155204900,16510838,899,505,40,Sun Jun 13 13:08:43 +0000 2010,0,False,60090,https://www.cosmopolitan.com/uk/,cosmopolitan uk the womens magazine for fashion beauty sex tips and celebrity news,,www.cosmopolitan.com,rt sugars cape demi lovato spat simon powell factor usa audition lovely cosmopolitan uk womens magazine fashion beauty sex tips celebrity news
93,987,244908772068315137,2012-09-09 21:22:56,http://t.co/CfkUs3FC Maladie Une fillette sauve de la peste aux USA http://t.co/ETcmkKry,"<a href=""http://www.hootsuite.com"" rel=""nofollow"">HootSuite</a>",tweet,244908772068315137,,,0,0,0,,http://RTnews.eu|http://ow.ly/1mmJWA,http://RTnews.eu|http://ow.ly/1mmJWA,RTluxemburg,243882738,,85,18,0,Fri Jan 28 00:59:34 +0000 2011,0,False,42391,https://www.luxembourgnews.eu/,responsive news & magazine drupal theme  gazeta,,www.luxembourgnews.eu,malaria une filled te save de la pest aux usa responsive news magazine drupal theme gazeta
94,988,244908772521304064,2012-09-09 21:22:56,http://t.co/I7qjU3Xn Maladie Une fillette sauve de la peste aux USA http://t.co/6DxSfKbW,"<a href=""http://www.hootsuite.com"" rel=""nofollow"">HootSuite</a>",tweet,244908772521304064,,,0,0,0,,http://RTnews.eu|http://ow.ly/1mmJWw,http://RTnews.eu|http://ow.ly/1mmJWw,RTlux,243875860,,61,7,1,Fri Jan 28 00:38:29 +0000 2011,0,False,35772,https://www.luxembourgnews.eu/,responsive news & magazine drupal theme  gazeta,,www.luxembourgnews.eu,malaria une filled te save de la pest aux usa responsive news magazine drupal theme gazeta
95,989,244908772529672193,2012-09-09 21:22:56,http://t.co/gf6t4Xx4 Maladie Une fillette sauve de la peste aux USA http://t.co/XQxMcI69,"<a href=""http://www.hootsuite.com"" rel=""nofollow"">HootSuite</a>",tweet,244908772529672193,,,0,0,0,,http://RTnews.eu|http://ow.ly/1mmJWs,http://RTnews.eu|http://ow.ly/1mmJWs,luxembourgnews,44872369,,318,16,20,Fri Jun 05 11:30:28 +0000 2009,0,False,58063,https://www.luxembourgnews.eu/,responsive news & magazine drupal theme  gazeta,,www.luxembourgnews.eu,malaria une filled te save de la pest aux usa responsive news magazine drupal theme gazeta
96,990,244908772496142336,2012-09-09 21:22:56,http://t.co/IqJehm1v Maladie Une fillette sauve de la peste aux USA http://t.co/3kikeV3I,"<a href=""http://www.hootsuite.com"" rel=""nofollow"">HootSuite</a>",tweet,244908772496142336,,,0,0,0,,http://RTnews.eu|http://ow.ly/1mmJWu,http://RTnews.eu|http://ow.ly/1mmJWu,rtluxembourg,192650811,,82,2,0,Sun Sep 19 19:31:55 +0000 2010,0,False,39596,https://www.luxembourgnews.eu/,responsive news & magazine drupal theme  gazeta,,www.luxembourgnews.eu,malaria une filled te save de la pest aux usa responsive news magazine drupal theme gazeta
97,992,244908773087510530,2012-09-09 21:22:56,http://t.co/HfZYh63W Maladie Une fillette sauve de la peste aux USA http://t.co/L72xroc3,"<a href=""http://www.hootsuite.com"" rel=""nofollow"">HootSuite</a>",tweet,244908773087510530,,,0,0,0,,http://RTnews.eu|http://ow.ly/1mmJWk,http://RTnews.eu|http://ow.ly/1mmJWk,pressluxembourg,55867205,,383,0,16,Sat Jul 11 16:29:30 +0000 2009,0,False,44088,https://www.luxembourgnews.eu/,responsive news & magazine drupal theme  gazeta,,www.luxembourgnews.eu,malaria une filled te save de la pest aux usa responsive news magazine drupal theme gazeta
98,993,244908773238517760,2012-09-09 21:22:56,http://t.co/NbUAw45R Maladie Une fillette sauve de la peste aux USA http://t.co/DMmgvHqw,"<a href=""http://www.hootsuite.com"" rel=""nofollow"">HootSuite</a>",tweet,244908773238517760,,,0,0,0,,http://RTnews.eu|http://ow.ly/1mmJWg,http://RTnews.eu|http://ow.ly/1mmJWg,duLuxembourg,48142680,,1212,1743,50,Wed Jun 17 22:28:14 +0000 2009,0,False,36986,https://www.luxembourgnews.eu/,responsive news & magazine drupal theme  gazeta,,www.luxembourgnews.eu,malaria une filled te save de la pest aux usa responsive news magazine drupal theme gazeta
99,994,244908773221740545,2012-09-09 21:22:56,http://t.co/vlmOfDfV Maladie Une fillette sauve de la peste aux USA http://t.co/I6iJTLvk,"<a href=""http://www.hootsuite.com"" rel=""nofollow"">HootSuite</a>",tweet,244908773221740545,,,0,0,0,,http://RTnews.eu|http://ow.ly/1mmJWi,http://RTnews.eu|http://ow.ly/1mmJWi,news_luxembourg,53668279,,676,14,53,Sat Jul 04 13:27:21 +0000 2009,0,False,60980,https://www.luxembourgnews.eu/,responsive news & magazine drupal theme  gazeta,,www.luxembourgnews.eu,malaria une filled te save de la pest aux usa responsive news magazine drupal theme gazeta
